Committee_Id,Committee_Name,Link_Image,Sponsor_Name,Cash_on_Hand,Coverage_End_Date,Total_Disbursement,Total_Receipt
"C00523381","HEARTDOCPAC","http://docquery.fec.gov/cgi-bin/fecimg/?C00523381","BUCSHON, LARRY D","21616.9","30-JUN-18","12179","32500"
"C00683250","GENERATION GO","http://docquery.fec.gov/cgi-bin/fecimg/?C00683250","GOMEZ, JIMMY","","","",""
"C00489427","BUILDING LEADERSHIP AND INSPIRING NEW ENTERPRISE PAC","http://docquery.fec.gov/cgi-bin/fecimg/?C00489427","LUETKEMEYER, W BLAINE","123275.58","30-JUN-18","473899.3","579115"
"C00683052","STRONG ECONOMY AND NATIONAL SECURITY PAC","http://docquery.fec.gov/cgi-bin/fecimg/?C00683052","FLYNN, SEAN","","","",""
"C00497305","YOPAC","http://docquery.fec.gov/cgi-bin/fecimg/?C00497305","YODER, REP. KEVIN W.","148834.53","30-JUN-18","352681.7","340731.9"
"C00509174","EVERYBODY COUNTS EVERYBODY MATTERS PAC","http://docquery.fec.gov/cgi-bin/fecimg/?C00509174","ELLISON, KEITH","54647.48","30-JUN-18","57357.6","94000"
"C00682864","LIBERTY RISING PAC","http://docquery.fec.gov/cgi-bin/fecimg/?C00682864","FREITAS, NICHOLAS","","","",""
"C00416131","MIDWEST VALUES PAC","http://docquery.fec.gov/cgi-bin/fecimg/?C00416131","FRANKEN, AL","1111526.72","30-JUN-18","1568223.5","2071870.6"
"C00525717","JUSTINPAC","http://docquery.fec.gov/cgi-bin/fecimg/?C00525717","AMASH, JUSTIN","2437.82","30-JUN-18","6679","0"
"C00608463","SALT CITY PAC","http://docquery.fec.gov/cgi-bin/fecimg/?C00608463","","40841.16","30-JUN-18","26500","60296.9"
"C00483628","ALL POWER TO THE PEOPLE PAC","http://docquery.fec.gov/cgi-bin/fecimg/?C00483628","","872.08","30-JUN-18","27560","10000"
"C00392738","HOOPS PAC","http://docquery.fec.gov/cgi-bin/fecimg/?C00392738","WYDEN, RON","63503.14","30-JUN-18","606823.2","583274.7"
"C00524314","AMERICA'S FIRST PAC","http://docquery.fec.gov/cgi-bin/fecimg/?C00524314","WITTMAN, ROBERT","32449.95","30-JUN-18","63254.1","90200"
"C00417584","AMERICA 2.0 PAC","http://docquery.fec.gov/cgi-bin/fecimg/?C00417584","","12967.27","30-JUN-18","166786.7","175500"
"C00629832","BUILDING OPPORTUNITIES FOR A STRONGER TOMORROW B.O.S.T. PAC","http://docquery.fec.gov/cgi-bin/fecimg/?C00629832","","2521.54","30-JUN-18","17228.5","19750"
"C00681643","DELIVER. EXCEL. BELIEVE. PAC DEB PAC","http://docquery.fec.gov/cgi-bin/fecimg/?C00681643","LESKO, DEBBIE","0","30-JUN-18","0","0"
"C00493072","DAKOTA PAC","http://docquery.fec.gov/cgi-bin/fecimg/?C00493072","HOEVEN, JOHN","200957.41","30-JUN-18","182740","310764.4"
"C00439992","KEYSTONE AMERICA PAC","http://docquery.fec.gov/cgi-bin/fecimg/?C00439992","CASEY, ROBERT","67642.27","30-JUN-18","436555.6","482285.8"
"C00650796","LITTLE PAC","http://docquery.fec.gov/cgi-bin/fecimg/?C00650796","","27600.73","30-JUN-18","5739.3","33340"
"C00547448","MAKING AMERICANS COUNT PAC (MAC PAC)","http://docquery.fec.gov/cgi-bin/fecimg/?C00547448","","21809.02","30-JUN-18","36191","30000"
"C00406553","PROGRESSIVE VOTERS OF AMERICA","http://docquery.fec.gov/cgi-bin/fecimg/?C00406553","","204380.67","30-JUN-18","141713.1","321430.9"
"C00634196","PANHANDLE PAC","http://docquery.fec.gov/cgi-bin/fecimg/?C00634196","","0","30-JUN-18","0","0"
"C00528414","HEALTHCARE FREEDOM FUND","http://docquery.fec.gov/cgi-bin/fecimg/?C00528414","ROE, DAVID PHILLIP DR.","61937.23","30-JUN-18","494311.1","477876.2"
"C00640664","GREAT AMERICA COMMITTEE","http://docquery.fec.gov/cgi-bin/fecimg/?C00640664","","655704.24","30-JUN-18","2201348","2857052.3"
"C00680819","BUCKEYE PAC","http://docquery.fec.gov/cgi-bin/fecimg/?C00680819","GONZALEZ, ANTHONY","0","30-JUN-18","0","0"
"C00409110","GREEN MOUNTAIN PAC","http://docquery.fec.gov/cgi-bin/fecimg/?C00409110","","13048.87","30-JUN-18","631270.3","620972.8"
"C00678813","CONSERVATIVES HARVESTING SUCCESS PAC","http://docquery.fec.gov/cgi-bin/fecimg/?C00678813","","0","30-JUN-18","0","0"
"C00634519","ON AZIMUTH PAC","http://docquery.fec.gov/cgi-bin/fecimg/?C00634519","DAVIDSON, WARREN","0","30-JUN-18","105","105"
"C00680405","DEFEND & UPHOLD OUR NATION NOW","http://docquery.fec.gov/cgi-bin/fecimg/?C00680405","KEY, CLINTON","0","30-JUN-18","0","0"
"C00540146","FIRST IN FREEDOM PAC","http://docquery.fec.gov/cgi-bin/fecimg/?C00540146","","42967.84","30-JUN-18","214856.2","244754.6"
"C00680322","MUSTANG PAC","http://docquery.fec.gov/cgi-bin/fecimg/?C00680322","PENCE, GREGORY","250","30-JUN-18","0","250"
"C00680132","JOINING IDEAS TO MOTIVATE MOVEMENT FOR YOU (JIMMY PAC)","http://docquery.fec.gov/cgi-bin/fecimg/?C00680132","PANETTA, JIMMY","0","30-JUN-18","0","0"
"C00678912","HEALTH PSYCHOLOGY LEADERSHIP POLITICAL ACTION COMMITTEE (PSY PAC)","http://docquery.fec.gov/cgi-bin/fecimg/?C00678912","","","","",""
"C00587832","PINE TREE PAC","http://docquery.fec.gov/cgi-bin/fecimg/?C00587832","POLIQUIN, BRUCE L","9682.81","30-JUN-18","39585.3","44093.8"
"C00458570","A NEW DIRECTION PAC","http://docquery.fec.gov/cgi-bin/fecimg/?C00458570","SHAHEEN, JEANNE","18503.92","30-JUN-18","253564.9","245413"
"C00561779","AMERICAN INNOVATION POLITICAL ACTION COMMITTEE (AMI PAC)","http://docquery.fec.gov/cgi-bin/fecimg/?C00561779","BERA, AMERISH","51467.44","30-JUN-18","36649.3","76000"
"C00634436","GOLDEN RULE PAC","http://docquery.fec.gov/cgi-bin/fecimg/?C00634436","CRIST, CHARLIE","50183.7","30-JUN-18","31816.3","82000"
"C00633156","I GOT YOUR BACK PAC","http://docquery.fec.gov/cgi-bin/fecimg/?C00633156","ROCHESTER, LISA","2947.26","30-JUN-18","2052.7","5000"
"C00632992","DEVELOPING A NEW GENERATION PAC (DANG PAC)","http://docquery.fec.gov/cgi-bin/fecimg/?C00632992","","31253","30-JUN-18","6247","37500"
"C00325993","DEFEND AMERICA PAC","http://docquery.fec.gov/cgi-bin/fecimg/?C00325993","SHELBY, RICHARD","5389759.7","30-JUN-18","491955.9","1337308.3"
"C00491183","BEEHIVE PAC","http://docquery.fec.gov/cgi-bin/fecimg/?C00491183","","301739.6","30-JUN-18","65383.8","301500.7"
"C00428052","MAJORITY COMMITTEE PAC--MC PAC","http://docquery.fec.gov/cgi-bin/fecimg/?C00428052","","1551887.23","30-JUN-18","3202059.8","3547130.7"
"C00409276","MAKING A RESPONSIBLE STAND FOR HOUSEHOLDS IN AMERICA PAC","http://docquery.fec.gov/cgi-bin/fecimg/?C00409276","BLACKBURN, MARSHA","205585.23","30-JUN-18","487681.7","629204.6"
"C00363770","PEOPLE FOR ENTERPRISE TRADE AND ECONOMIC GROWTH (PETE PAC)","http://docquery.fec.gov/cgi-bin/fecimg/?C00363770","SESSIONS, PETE","14489.29","30-JUN-18","392512","380972.7"
"C00531764","ANN PAC","http://docquery.fec.gov/cgi-bin/fecimg/?C00531764","WAGNER, ANN","50887.97","30-JUN-18","204496","222000"
"C00549014","HUDSON VALLEY PAC","http://docquery.fec.gov/cgi-bin/fecimg/?C00549014","MALONEY, SEAN","17185.72","30-JUN-18","44780.9","59830"
"C00677708","FRONTERA VISION PAC","http://docquery.fec.gov/cgi-bin/fecimg/?C00677708","ESCOBAR, VERONICA","13500","30-JUN-18","0","13500"
"C00326082","FUND FOR A CONSERVATIVE FUTURE","http://docquery.fec.gov/cgi-bin/fecimg/?C00326082","INHOFE, JAMES","352614.23","30-JUN-18","354781.9","605218.5"
"C00664318","DEMOCRACY SUMMER LEADERSHIP PAC","http://docquery.fec.gov/cgi-bin/fecimg/?C00664318","","123319.76","30-JUN-18","129556","252875.8"
"C00390674","FREEDOM FUND","http://docquery.fec.gov/cgi-bin/fecimg/?C00390674","CRAPO, MICHAEL","810986.09","30-JUN-18","488763","604675.4"
"C00325357","PIONEER POLITICAL ACTION COMMITTEE","http://docquery.fec.gov/cgi-bin/fecimg/?C00325357","TIBERI, PATRICK","513543.11","30-JUN-18","470512.1","480099"
"C00366666","COMMITTEE FOR LEADERSHIP AND PROGRESS","http://docquery.fec.gov/cgi-bin/fecimg/?C00366666","LOWEY, NITA","34293.59","30-JUN-18","188517.2","166650"
"C00572271","BUILDING AMERICA'S REPUBLICAN REPRESENTATION PAC","http://docquery.fec.gov/cgi-bin/fecimg/?C00572271","BARR, GARLAND","34634.92","30-JUN-18","242924.8","268379"
"C00493700","BLUE HEN FEDERAL PAC","http://docquery.fec.gov/cgi-bin/fecimg/?C00493700","COONS, CHRISTOPHER","143388.37","30-JUN-18","473469","493500"
"C00676445","BLUE HEN STATE & LOCAL PAC","http://docquery.fec.gov/cgi-bin/fecimg/?C00676445","","11499.59","30-JUN-18","1000.4","12500"
"C00391797","DIRIGO PAC","http://docquery.fec.gov/cgi-bin/fecimg/?C00391797","","57673.37","30-JUN-18","171425","188400.1"
"C00453324","SUPPORTING CONSERVATIVES OF TODAY AND TOMORROW (SCOTT PAC)","http://docquery.fec.gov/cgi-bin/fecimg/?C00453324","","35779.34","30-JUN-18","45102.3","65394.7"
"C00647420","BOLD ACTIVE CONSERVATIVES OF NEBRASKA PAC-BACON PAC","http://docquery.fec.gov/cgi-bin/fecimg/?C00647420","BACON, DONALD","2372.33","30-JUN-18","39285","41657.3"
"C00497842","STRATEGY PAC","http://docquery.fec.gov/cgi-bin/fecimg/?C00497842","JOHNSON, RON","92263.49","30-JUN-18","219825.4","269321.4"
"C00497594","DEFENDING AMERICA'S VALUES EVERYWHERE (TEAM DAVE)","http://docquery.fec.gov/cgi-bin/fecimg/?C00497594","SCHWEIKERT, DAVID","3421.71","30-JUN-18","57498.5","58053.3"
"C00569921","PEACH PAC","http://docquery.fec.gov/cgi-bin/fecimg/?C00569921","","32640.6","30-JUN-18","82863.6","109970.1"
"C00589309","BLUE MOMENTUM PAC","http://docquery.fec.gov/cgi-bin/fecimg/?C00589309","","45462.69","30-JUN-18","266178.6","296018.1"
"C00235572","OPPORTUNITY AND RESPONSIBILITY RESTORED IN OUR NATION PAC","http://docquery.fec.gov/cgi-bin/fecimg/?C00235572","","720870.55","30-JUN-18","396928.6","561037.8"
"C00650267","BUILDING A NATIONAL KNOWLEGEABLE SECURITY PAC","http://docquery.fec.gov/cgi-bin/fecimg/?C00650267","BANKS, JAMES","3665.33","30-JUN-18","9381.7","13047"
"C00409003","HEARTLAND VALUES PAC","http://docquery.fec.gov/cgi-bin/fecimg/?C00409003","","943065.6","30-JUN-18","1063648.6","1601278.6"
"C00521021","VICTORYPAC","http://docquery.fec.gov/cgi-bin/fecimg/?C00521021","","15638.54","30-JUN-18","1627.1","0"
"C00577676","RELIGHT AMERICA PAC","http://docquery.fec.gov/cgi-bin/fecimg/?C00577676","ROTHFUS, KEITH","18102.46","30-JUN-18","76950.4","88660.3"
"C00584805","BFB PAC","http://docquery.fec.gov/cgi-bin/fecimg/?C00584805","","633809.59","30-JUN-18","229509","242844.5"
"C00672733","BULLDOG PAC","http://docquery.fec.gov/cgi-bin/fecimg/?C00672733","","7870","30-JUN-18","7128","15000"
"C00672667","GOOD DAY PAC","http://docquery.fec.gov/cgi-bin/fecimg/?C00672667","","8150.76","30-JUN-18","649.2","8800"
"C00614917","VALLEY FIRST LEADERSHIP PAC","http://docquery.fec.gov/cgi-bin/fecimg/?C00614917","","6262.56","30-JUN-18","22226.8","19500"
"C00469429","CMR POLITICAL ACTION COMMITTEE","http://docquery.fec.gov/cgi-bin/fecimg/?C00469429","","130834.31","30-JUN-18","682982","795539.8"
"C00412791","FORWARD TOGETHER PAC","http://docquery.fec.gov/cgi-bin/fecimg/?C00412791","WARNER, MARK","284565.91","30-JUN-18","982832.5","821008.6"
"C00501478","SUPPORT TO ENSURE VICTORY EVERYWHERE PAC-STEVE PAC","http://docquery.fec.gov/cgi-bin/fecimg/?C00501478","STIVERS, STEVE","67898.37","30-JUN-18","899523","901738.3"
"C00364174","TOGETHER FOR OUR MAJORITY POLITICAL ACTION COMMITTEE (TOMPAC)","http://docquery.fec.gov/cgi-bin/fecimg/?C00364174","","283069.55","30-JUN-18","37520.3","720.6"
"C00611400","NEW ENERGY IN WASHINGTON HOUSE PAC NEW HOUSE PAC","http://docquery.fec.gov/cgi-bin/fecimg/?C00611400","","7889.43","30-JUN-18","4264.6","7500"
"C00669929","COMMON GOOD PAC","http://docquery.fec.gov/cgi-bin/fecimg/?C00669929","SUOZZI, TOM","21076","30-JUN-18","5424","26500"
"C00517235","TURQUOISE PAC","http://docquery.fec.gov/cgi-bin/fecimg/?C00517235","LUJAN, BEN","21678.55","30-JUN-18","354935.1","369486.5"
"C00455360","DAWG PAC - DEMOCRATS AGAINST WASTE IN GOVERNMENT","http://docquery.fec.gov/cgi-bin/fecimg/?C00455360","BARROW, JOHN","39341.49","30-JUN-18","29272.4","0"
"C00628669","1848 PAC","http://docquery.fec.gov/cgi-bin/fecimg/?C00628669","","7769.15","30-JUN-18","4230.9","9000"
"C00668780","BLUE ACTION PAC","http://docquery.fec.gov/cgi-bin/fecimg/?C00668780","FISHER, MICHAEL","","","",""
"C00640029","FOCUS ON THE FUTURE","http://docquery.fec.gov/cgi-bin/fecimg/?C00640029","DELANEY, JOHN K.","5000","30-JUN-18","0","5000"
"C00431874","FOLLOW THE NORTH STAR FUND","http://docquery.fec.gov/cgi-bin/fecimg/?C00431874","KLOBUCHAR, AMY","33340.77","30-JUN-18","504624.8","492242.4"
"C00668723","BLUE ACTION POLITICAL ACTION","http://docquery.fec.gov/cgi-bin/fecimg/?C00668723","FISHER, MICHAEL","","","",""
"C00588335","BUILDING AND RESTORING AMERICA TOGETHER POLITICAL ACTION COMMITTEE","http://docquery.fec.gov/cgi-bin/fecimg/?C00588335","BRAT, DAVID ALAN MR.","25146.28","30-JUN-18","13937.5","38255"
"C00427401","CONSERVATIVE & REPUBLICAN TOGETHER EQUALS RESULTS PAC","http://docquery.fec.gov/cgi-bin/fecimg/?C00427401","CARTER, JOHN R.","2058.23","30-JUN-18","77013.3","53000"
"C00331694","AMERICA WORKS PAC","http://docquery.fec.gov/cgi-bin/fecimg/?C00331694","BROWN, SHERROD","39241.09","30-JUN-18","653079.2","648933"
"C00641142","AMERICANS FOR LEGISLATING EXCELLENCE PAC","http://docquery.fec.gov/cgi-bin/fecimg/?C00641142","MOONEY, ALEXANDER XAVIER","9017.97","30-JUN-18","62700.1","71718.1"
"C00571521","FREEDOM 21: FIGHTING FOR FREEDOM IN THE 21ST CENTURY","http://docquery.fec.gov/cgi-bin/fecimg/?C00571521","","2723.86","30-JUN-18","33247.6","35000"
"C00650630","HELPING AMERICA'S NEXT DEDICATED ELECTED LEADERS PAC","http://docquery.fec.gov/cgi-bin/fecimg/?C00650630","","25925","30-JUN-18","42575","68500"
"C00566851","JOBS OPPORTUNITY AND NEW IDEAS PAC","http://docquery.fec.gov/cgi-bin/fecimg/?C00566851","ERNST, JONI","239154.77","30-JUN-18","669356.5","894488.4"
"C00635367","TENACIOUS PAC","http://docquery.fec.gov/cgi-bin/fecimg/?C00635367","","40223.59","30-JUN-18","45955.3","86178.9"
"C00649772","REVIVING AMERICAN JOBS AGAIN PAC","http://docquery.fec.gov/cgi-bin/fecimg/?C00649772","KRISHNAMOORTHI, S. RAJA","29909.49","30-JUN-18","137641.5","167551"
"C00667360","TOGETHER WE RISE","http://docquery.fec.gov/cgi-bin/fecimg/?C00667360","","8491.67","30-JUN-18","2008.3","10500"
"C00494757","AMERICA'S FUTURE FUND PAC","http://docquery.fec.gov/cgi-bin/fecimg/?C00494757","","64515.98","30-JUN-18","60273.1","89944.3"
"C00666776","SEEKING JUSTICE COMMITTEE","http://docquery.fec.gov/cgi-bin/fecimg/?C00666776","JONES, DOUG","44719.79","30-JUN-18","95839","140558.8"
"C00629212","ALL FOR OUR COUNTRY LEADERSHIP PAC","http://docquery.fec.gov/cgi-bin/fecimg/?C00629212","CORTEZ MASTO, CATHERINE","32241.13","30-JUN-18","700563.1","691825.2"
"C00572040","REASONABLE INDEPENDENT CONSTRUCTIVE AND EFFECTIVE PAC (RICE PAC)","http://docquery.fec.gov/cgi-bin/fecimg/?C00572040","","15041.35","30-JUN-18","176712.7","182266.5"
"C00571323","TOGETHER HOLDING OUR MAJORITY PAC","http://docquery.fec.gov/cgi-bin/fecimg/?C00571323","TILLIS, THOM R","105989.52","30-JUN-18","489744.5","563119.2"
"C00626903","YOUR VOICE COUNTS","http://docquery.fec.gov/cgi-bin/fecimg/?C00626903","MEADOWS, MARK R","848.79","30-JUN-18","32513.5","28862.3"
"C00362384","JOBS, OPPORTUNITIES AND EDUCATION PAC (JOE-PAC)","http://docquery.fec.gov/cgi-bin/fecimg/?C00362384","CROWLEY, JOSEPH","212772.43","30-JUN-18","1018744.7","1049454.8"
"C00492082","HOOSIERS FIRST PAC","http://docquery.fec.gov/cgi-bin/fecimg/?C00492082","DONNELLY, JOSEPH","61922.25","30-JUN-18","492611.6","415463"
"C00438291","DENALI LEADERSHIP PAC","http://docquery.fec.gov/cgi-bin/fecimg/?C00438291","","248483.05","30-JUN-18","297600","399298.8"
"C00624510","TRENT'S TROOPS PAC","http://docquery.fec.gov/cgi-bin/fecimg/?C00624510","","770","30-JUN-18","8730","9500"
"C00450577","DEMOCRATS TIME IN NEVADA","http://docquery.fec.gov/cgi-bin/fecimg/?C00450577","","21866.56","30-JUN-18","68303.2","48700"
"C00664326","DOGWOOD PAC","http://docquery.fec.gov/cgi-bin/fecimg/?C00664326","MCEACHIN, ASTON","5000","30-JUN-18","0","5000"
"C00326439","HOUSE CONSERVATIVES FUND","http://docquery.fec.gov/cgi-bin/fecimg/?C00326439","FLORES, BILL","202864.1","30-JUN-18","219258.6","370044.6"
"C00663609","PROGRESSIVE MAJORITY PAC","http://docquery.fec.gov/cgi-bin/fecimg/?C00663609","AGUILAR, PETE","2032.22","30-JUN-18","3345.1","5377.3"
"C00573493","RESTORING OUR DEMOCRACY (ROD PAC)","http://docquery.fec.gov/cgi-bin/fecimg/?C00573493","","60606.32","30-JUN-18","154372.6","203100.6"
"C00660613","FIGHTING FOR SOUTH TEXAS PAC","http://docquery.fec.gov/cgi-bin/fecimg/?C00660613","","5759.63","30-JUN-18","22740.4","28500"
"C00631051","ABRAHAM LINCOLN PAC","http://docquery.fec.gov/cgi-bin/fecimg/?C00631051","","26218.48","30-JUN-18","54209","80427.5"
"C00543116","GOOD FRIENDS PAC","http://docquery.fec.gov/cgi-bin/fecimg/?C00543116","","14221.4","30-JUN-18","9630","17250"
"C00368696","RESPONSIBILITY AND FREEDOM WORK PAC (RFWPAC)","http://docquery.fec.gov/cgi-bin/fecimg/?C00368696","WICKER, ROGER F","114386.84","30-JUN-18","468116.3","375957.7"
"C00592089","ELECTING MAJORITY MAKING EFFECTIVE REPUBLICANS","http://docquery.fec.gov/cgi-bin/fecimg/?C00592089","","35191.93","30-JUN-18","99282.8","129146.3"
"C00662502","DPAC","http://docquery.fec.gov/cgi-bin/fecimg/?C00662502","ELLISON, ALLEN","","","",""
"C00662056","BLUE LINE PAC","http://docquery.fec.gov/cgi-bin/fecimg/?C00662056","QUIGLEY, MICHAEL","2750.91","30-JUN-18","19849.1","22600"
"C00431601","OCEANS PAC","http://docquery.fec.gov/cgi-bin/fecimg/?C00431601","WHITEHOUSE, SHELDON","25597.33","30-JUN-18","389972.6","404695"
"C00508010","PROGRESSIVES ADVANCING UNITED LEADERSHIP (PAULPAC)","http://docquery.fec.gov/cgi-bin/fecimg/?C00508010","TONKO, PAUL","29026.93","30-JUN-18","5378.6","15000"
"C00656439","SERVE AMERICA PAC - RESTRICTED","http://docquery.fec.gov/cgi-bin/fecimg/?C00656439","","109431.03","30-JUN-18","1972.8","111403.9"
"C00627398","MAKING BOLD INITIATIVES + SOLUTIONS TO HELP AMERICA (M-BISH PAC)","http://docquery.fec.gov/cgi-bin/fecimg/?C00627398","","6312.64","30-JUN-18","33446.7","34900"
"C00659771","LUCHADORA PAC","http://docquery.fec.gov/cgi-bin/fecimg/?C00659771","BARRAG?N, NANETTE","20482.6","30-JUN-18","30017.4","50500"
"C00410092","PEOPLE'S VOICE PAC","http://docquery.fec.gov/cgi-bin/fecimg/?C00410092","","39737.12","30-JUN-18","325261.2","346200"
"C00552851","HOUSE FREEDOM FUND","http://docquery.fec.gov/cgi-bin/fecimg/?C00552851","","234599.92","30-JUN-18","2910961.4","2929578.6"
"C00409458","CONSERVATIVE OPPORTUNITIES FOR A NEW AMERICA PAC","http://docquery.fec.gov/cgi-bin/fecimg/?C00409458","CONAWAY, K. MICHAEL","105282.87","30-JUN-18","356061.3","448408.7"
"C00640888","GFORCE","http://docquery.fec.gov/cgi-bin/fecimg/?C00640888","","12399","30-JUN-18","2500","14899"
"C00402982","IRL PAC","http://docquery.fec.gov/cgi-bin/fecimg/?C00402982","","84713.05","30-JUN-18","171054.9","243093.7"
"C00647206","ONE GENERATION","http://docquery.fec.gov/cgi-bin/fecimg/?C00647206","","0","30-JUN-18","0","0"
"C00588749","LET TEXANS RUN TEXAS PAC","http://docquery.fec.gov/cgi-bin/fecimg/?C00588749","","39611.87","30-JUN-18","107618.5","144677.7"
"C00412288","BILL PAC","http://docquery.fec.gov/cgi-bin/fecimg/?C00412288","","112096.96","30-JUN-18","385243.3","373262.1"
"C00539601","PINEAPPLE PAC","http://docquery.fec.gov/cgi-bin/fecimg/?C00539601","HIRONO, MAZIE","30484.08","30-JUN-18","168029.9","175800"
"C00402909","MAJORITY IN CONGRESS PAC","http://docquery.fec.gov/cgi-bin/fecimg/?C00402909","","0","30-JUN-18","4207.7","10300"
"C00605410","CLIMATE CHAMPIONS PAC","http://docquery.fec.gov/cgi-bin/fecimg/?C00605410","MERKLEY, JEFFREY","7746.68","30-JUN-18","153269.9","141883.4"
"C00460972","OPPORTUNITY & RENEWAL PAC","http://docquery.fec.gov/cgi-bin/fecimg/?C00460972","MERKLEY, JEFFREY","186265.62","30-JUN-18","528990.3","691501.3"
"C00345199","MIDNIGHT SUN POLITICAL ACTION COMMITTEE","http://docquery.fec.gov/cgi-bin/fecimg/?C00345199","YOUNG, DONALD","46713.67","30-JUN-18","48905.3","6000.7"
"C00363317","JERRY'S POLITICAL ACTION COMMITTEE (JERRY'S PAC)","http://docquery.fec.gov/cgi-bin/fecimg/?C00363317","NADLER, JERROLD","24156.47","30-JUN-18","100411.8","100101"
"C00657262","GO PAC GO","http://docquery.fec.gov/cgi-bin/fecimg/?C00657262","GALLAGHER, MICHAEL","66292.09","30-JUN-18","17293.9","83586"
"C00491142","COMMON SENSE DEMOCRAT PAC","http://docquery.fec.gov/cgi-bin/fecimg/?C00491142","LYNCH, STEPHEN F.","46579.04","30-JUN-18","21271.2","10000"
"C00656777","JAM PAC","http://docquery.fec.gov/cgi-bin/fecimg/?C00656777","","30199.52","30-JUN-18","56000","86199.5"
"C00431122","MISSOURIANS FOR ACCOUNTABILITY AND CHANGE (MACPAC)","http://docquery.fec.gov/cgi-bin/fecimg/?C00431122","MCCASKILL, CLAIRE","66465.05","30-JUN-18","340361","343456.3"
"C00461723","SAVE AMERICA PAC","http://docquery.fec.gov/cgi-bin/fecimg/?C00461723","","96561.31","30-JUN-18","44940.9","133905.3"
"C00656637","SAVE AMERICA PAC II","http://docquery.fec.gov/cgi-bin/fecimg/?C00656637","RISCH, JAMES","0","30-JUN-18","0","0"
"C00484667","ICE PAC","http://docquery.fec.gov/cgi-bin/fecimg/?C00484667","","24059.27","30-JUN-18","266737.4","249500"
"C00656132","SERVING OUR COUNTRY (SOC) PAC","http://docquery.fec.gov/cgi-bin/fecimg/?C00656132","CARBAJAL, SALUD","24021.08","30-JUN-18","13503.9","37525"
"C00564369","LEADERS ONLY UNITE POLITICAL ACTION COMMITTEE (AKA LOU PAC)","http://docquery.fec.gov/cgi-bin/fecimg/?C00564369","BARLETTA, LOU","125568.99","30-JUN-18","67503.7","179690"
"C00544262","SEMPER FI PAC","http://docquery.fec.gov/cgi-bin/fecimg/?C00544262","","24956.68","30-JUN-18","66554.1","67479.1"
"C00524322","CITIZENS STRENGTHENING OUR MESSAGE IN THE HOUSE","http://docquery.fec.gov/cgi-bin/fecimg/?C00524322","SMITH, CHRIS","7006.07","30-JUN-18","13192.4","15006.7"
"C00323923","STONEWALL DEMOCRATIC CLUB FED PAC","http://docquery.fec.gov/cgi-bin/fecimg/?C00323923","","5993.78","30-JUN-18","24706.6","30660.4"
"C00540062","AMERICA NEEDS NEW INNOVATION AND ENERGY PAC","http://docquery.fec.gov/cgi-bin/fecimg/?C00540062","","1568.59","30-JUN-18","33684.8","32500"
"C00416743","VICTORY NOW PAC","http://docquery.fec.gov/cgi-bin/fecimg/?C00416743","","188180.1","30-JUN-18","375648","495092.5"
"C00654475","SMART SOLUTIONS PAC","http://docquery.fec.gov/cgi-bin/fecimg/?C00654475","ROSEN, JACKY","663.53","30-JUN-18","40336.5","41000"
"C00654186","UTAH FIRST PAC","http://docquery.fec.gov/cgi-bin/fecimg/?C00654186","","10907.12","30-JUN-18","7653.1","18560.2"
"C00436410","ROCK CITY PAC","http://docquery.fec.gov/cgi-bin/fecimg/?C00436410","CORKER, JR., ROBERT P.","38014.49","30-JUN-18","325072.8","173653.6"
"C00569293","DEEDS NOT WORDS POLITICAL ACTION COMMITTEE","http://docquery.fec.gov/cgi-bin/fecimg/?C00569293","RUSSELL, STEVEN","23480.29","30-JUN-18","16783.5","38623.7"
"C00486720","SEA CHANGE LEADERSHIP PAC","http://docquery.fec.gov/cgi-bin/fecimg/?C00486720","BASS, KAREN","255932.58","30-JUN-18","333844.7","534156"
"C00647354","BRINGING AMERICA TOGETHER PAC","http://docquery.fec.gov/cgi-bin/fecimg/?C00647354","FITZPATRICK, BRIAN","2458.81","30-JUN-18","84515.2","86974"
"C00652305","REDEMPTION PAC","http://docquery.fec.gov/cgi-bin/fecimg/?C00652305","HIGGINS, CLAY","153.19","30-JUN-18","17946.8","18100"
"C00652164","JERSEY VALUES PAC","http://docquery.fec.gov/cgi-bin/fecimg/?C00652164","GOTTHEIMER, JOSH","113281.58","30-JUN-18","54718.6","168000.2"
"C00323352","COMMITTEE FOR A LIVABLE FUTURE","http://docquery.fec.gov/cgi-bin/fecimg/?C00323352","","105249.65","30-JUN-18","177687.3","260610"
"C00651638","KEY WINS PAC","http://docquery.fec.gov/cgi-bin/fecimg/?C00651638","KIHUEN, RUBEN","0","14-APR-18","5000","5000"
"C00639229","AMERICAN REVIVAL PAC","http://docquery.fec.gov/cgi-bin/fecimg/?C00639229","JOHNSON, JAMES MICHAEL","9770","30-JUN-18","1531","11301"
"C00603134","VISIONARY PAC","http://docquery.fec.gov/cgi-bin/fecimg/?C00603134","KELLY, ROBIN","10903.6","30-JUN-18","23204.2","12500"
"C00455717","FREE STATE PAC","http://docquery.fec.gov/cgi-bin/fecimg/?C00455717","MORAN, JERRY","461209.36","30-JUN-18","221412.4","428483.4"
"C00649434","REPUBLICANS PRESERVING OUR MAJORITY PAC (RPM PAC)","http://docquery.fec.gov/cgi-bin/fecimg/?C00649434","MITCHELL, PAUL","15026.71","30-JUN-18","15873.3","30900"
"C00426965","LIVABLE COMMUNITIES PAC","http://docquery.fec.gov/cgi-bin/fecimg/?C00426965","GRIJALVA, REP. RAUL M","7801.06","30-JUN-18","9922.8","15000"
"C00471607","HELLERHIGHWATER PAC","http://docquery.fec.gov/cgi-bin/fecimg/?C00471607","","325743.11","30-JUN-18","539896.8","675667.6"
"C00345058","COMMON SENSE COMMON SOLUTIONS POLITICAL ACTION COMMITTEE","http://docquery.fec.gov/cgi-bin/fecimg/?C00345058","","121478.26","30-JUN-18","110584.5","227200"
"C00344648","RELY ON YOUR BELIEFS FUND","http://docquery.fec.gov/cgi-bin/fecimg/?C00344648","","331826.32","30-JUN-18","855257","1022973.2"
"C00442368","COMMON VALUES PAC","http://docquery.fec.gov/cgi-bin/fecimg/?C00442368","","773109.02","30-JUN-18","432219","768860"
"C00365270","M-PAC","http://docquery.fec.gov/cgi-bin/fecimg/?C00365270","MURRAY, PATTY","95281.72","30-JUN-18","682430.6","712050"
"C00639435","ELEPAC","http://docquery.fec.gov/cgi-bin/fecimg/?C00639435","","37662","30-JUN-18","3338","41000"
"C00491241","LINCOLN PAC","http://docquery.fec.gov/cgi-bin/fecimg/?C00491241","","183447.56","30-JUN-18","58642.9","233438.7"
"C00493411","KELLY PAC","http://docquery.fec.gov/cgi-bin/fecimg/?C00493411","","166462.28","30-JUN-18","65943.5","1121"
"C00615492","BATTLEGROUND PAC","http://docquery.fec.gov/cgi-bin/fecimg/?C00615492","WALKER, BRADLEY MARK","13660.18","30-JUN-18","87725","85130.2"
"C00544254","PERIMETER PAC","http://docquery.fec.gov/cgi-bin/fecimg/?C00544254","DUCKWORTH, TAMMY","17676.7","30-JUN-18","431377.8","408110.5"
"C00481978","GUTS PAC A/K/A TRUE BLUE PAC A/K/A THE RESISTANCE PAC A/K/A THE RESISTANCE","http://docquery.fec.gov/cgi-bin/fecimg/?C00481978","","37243.95","30-JUN-18","65667.4","84779.8"
"C00382242","BADGERPAC","http://docquery.fec.gov/cgi-bin/fecimg/?C00382242","KIND, RONALD","72642.48","30-JUN-18","305751.7","346436.2"
"C00451294","REPUBLICAN OPERATION TO SECURE AND KEEP A MAJORITY","http://docquery.fec.gov/cgi-bin/fecimg/?C00451294","ROSKAM, PETER","210309.68","30-JUN-18","350542.7","502850"
"C00493924","REINVENTING A NEW DIRECTION POLITICAL ACTION COMMITTEE","http://docquery.fec.gov/cgi-bin/fecimg/?C00493924","PAUL, RAND","221491.51","30-JUN-18","1160553.5","1358033.8"
"C00588806","HEALTH PAC","http://docquery.fec.gov/cgi-bin/fecimg/?C00588806","","563.36","30-JUN-18","5003","5000"
"C00459925","MURPHPAC","http://docquery.fec.gov/cgi-bin/fecimg/?C00459925","MURPHY, CHRISTOPHER","66397.27","30-JUN-18","317781.7","348672"
"C00403592","NARRAGANSETT BAY PAC","http://docquery.fec.gov/cgi-bin/fecimg/?C00403592","REED, JOHN","27144.84","30-JUN-18","277257","290500"
"C00635557","DO RIGHT BAYOU PAC","http://docquery.fec.gov/cgi-bin/fecimg/?C00635557","GRAVES, GARRET","69653.48","30-JUN-18","33681.2","103334.7"
"C00377689","PROSPERITY ACTION INC.","http://docquery.fec.gov/cgi-bin/fecimg/?C00377689","","2592339.02","30-JUN-18","3921390.9","5181580.8"
"C00543504","4 MA PAC","http://docquery.fec.gov/cgi-bin/fecimg/?C00543504","","103065.32","30-JUN-18","257270.4","345366.7"
"C00625947","BUILD OUR FUTURE PAC","http://docquery.fec.gov/cgi-bin/fecimg/?C00625947","","152840.74","30-JUN-18","115396.8","238733.5"
"C00632893","POINT PAC, INC.","http://docquery.fec.gov/cgi-bin/fecimg/?C00632893","","18327.53","30-JUN-18","14672.5","33000"
"C00633818","OLD NORTH STATE PAC","http://docquery.fec.gov/cgi-bin/fecimg/?C00633818","BUDD, THEODORE P MR.","791.95","30-JUN-18","7499.8","8291.7"
"C00583526","TOGETHER UNITED FOR LIBERTY, INTEGRITY AND PROSPERITY PAC (TULIP PAC)","http://docquery.fec.gov/cgi-bin/fecimg/?C00583526","MOOLENAAR, JOHN","12620.81","30-JUN-18","27639.6","39250"
"C00572586","CAPITOL HEEL PAC","http://docquery.fec.gov/cgi-bin/fecimg/?C00572586","","2557.95","30-JUN-18","9959.4","0"
"C00638130","COWBOY PAC","http://docquery.fec.gov/cgi-bin/fecimg/?C00638130","","32358.23","30-JUN-18","37641.8","70000"
"C00570945","E-PAC","http://docquery.fec.gov/cgi-bin/fecimg/?C00570945","STEFANIK, ELISE","65978.4","30-JUN-18","140751.2","183667.1"
"C00403071","ONE VOICE","http://docquery.fec.gov/cgi-bin/fecimg/?C00403071","LEE, BARBARA","53926.48","30-JUN-18","24665.3","54776"
"C00430371","SOUTH DAKOTA FIRST","http://docquery.fec.gov/cgi-bin/fecimg/?C00430371","","92792.39","30-JUN-18","38777","0"
"C00492983","NUTMEG PAC","http://docquery.fec.gov/cgi-bin/fecimg/?C00492983","BLUMENTHAL, RICHARD","50594.71","30-JUN-18","548783.5","568291.2"
"C00632844","IMPEACH TRUMP LEADERSHIP PAC","http://docquery.fec.gov/cgi-bin/fecimg/?C00632844","","","","",""
"C00299149","LEADERSHIP FOR TODAY AND TOMORROW","http://docquery.fec.gov/cgi-bin/fecimg/?C00299149","","37062.74","30-JUN-18","22052.3","1115.4"
"C00343574","MAINSTREAM PAC","http://docquery.fec.gov/cgi-bin/fecimg/?C00343574","LOFGREN, ZOE","5774.3","30-JUN-18","363955.5","362075"
"C00486860","MIDDLE CLASS AMERICA PAC","http://docquery.fec.gov/cgi-bin/fecimg/?C00486860","","56628.73","30-JUN-18","38683.9","57521.8"
"C00375691","NEW VISION AMERICA FUND","http://docquery.fec.gov/cgi-bin/fecimg/?C00375691","HONDA, MIKE","20800.13","30-JUN-18","1200","0"
"C00452771","PIONEER PAC","http://docquery.fec.gov/cgi-bin/fecimg/?C00452771","BISHOP, ROBERT","34236.79","30-JUN-18","28948.1","47000"
"C00636837","STAR PAC","http://docquery.fec.gov/cgi-bin/fecimg/?C00636837","","300","30-JUN-18","16500","16800"
"C00631994","JUST LEAD PAC","http://docquery.fec.gov/cgi-bin/fecimg/?C00631994","","5627.71","30-JUN-18","20872.3","26500"
"C00347195","PRAIRIE POLITICAL ACTION COMMITTEE","http://docquery.fec.gov/cgi-bin/fecimg/?C00347195","DURBIN, RICHARD","130403.99","30-JUN-18","714820.8","760348.4"
"C00635201","RWA FUND, INC.","http://docquery.fec.gov/cgi-bin/fecimg/?C00635201","","9888","30-JUN-18","5407","15295"
"C00581066","TMAC PAC","http://docquery.fec.gov/cgi-bin/fecimg/?C00581066","MACARTHUR, THOMAS","95597.86","30-JUN-18","24035.6","117000"
"C00562330","MAKING A REAL CHANGE - MARC PAC","http://docquery.fec.gov/cgi-bin/fecimg/?C00562330","VEASEY, MARC ALLISON MR.","27194.64","30-JUN-18","31879.7","47500"
"C00635805","BRING A CHALLENGER FOR PA CONGRESSMAN","http://docquery.fec.gov/cgi-bin/fecimg/?C00635805","","4034.35","30-JUN-18","47.8","4082.2"
"C00506535","AX PAC","http://docquery.fec.gov/cgi-bin/fecimg/?C00506535","","102302.37","30-JUN-18","264788.3","343452"
"C00635631","PARTY OF LINCOLN PAC","http://docquery.fec.gov/cgi-bin/fecimg/?C00635631","","","","",""
"C00491936","COMMON SENSE COLORADO","http://docquery.fec.gov/cgi-bin/fecimg/?C00491936","","16593.23","30-JUN-18","593387.9","566993.4"
"C00566059","NEW ENERGY PAC","http://docquery.fec.gov/cgi-bin/fecimg/?C00566059","SWALWELL, ERIC MICHAEL","57200.41","30-JUN-18","69888.4","113456"
"C00635219","DAVID PAC DELIVERING AMERICAN VALUES IN DC","http://docquery.fec.gov/cgi-bin/fecimg/?C00635219","","12999.42","30-JUN-18",".6","13000"
"C00629311","GRANITE VALUES PAC","http://docquery.fec.gov/cgi-bin/fecimg/?C00629311","HASSAN, MARGARET","23588.5","30-JUN-18","435009.2","397038.6"
"C00634774","PELICAN PAC","http://docquery.fec.gov/cgi-bin/fecimg/?C00634774","","101691.28","30-JUN-18","106509.7","208201"
"C00629576","BUILD OUR MOVEMENT PAC","http://docquery.fec.gov/cgi-bin/fecimg/?C00629576","JAYAPAL, PRAMILA","44051.74","30-JUN-18","123258.3","148100"
"C00571000","TRUE NORTH PAC","http://docquery.fec.gov/cgi-bin/fecimg/?C00571000","SULLIVAN, DAN","87532.66","30-JUN-18","473166.7","495029.3"
"C00630681","EMPIRE STATE PAC","http://docquery.fec.gov/cgi-bin/fecimg/?C00630681","","15509.92","30-JUN-18","10220.1","25730"
"C00439521","AMERICAN SECURITY PAC","http://docquery.fec.gov/cgi-bin/fecimg/?C00439521","","72535.84","27-JUN-18","125918.8","163500"
"C00498360","TRUTH IS MARKETS WORK FUND A/K/A TIM W FUND","http://docquery.fec.gov/cgi-bin/fecimg/?C00498360","","12369.98","30-JUN-18","44379.8","33900"
"C00540187","MORE CONSERVATIVES PAC (MCPAC)","http://docquery.fec.gov/cgi-bin/fecimg/?C00540187","MCHENRY, PATRICK TIMOTHY","379591.79","30-JUN-18","908647.5","1123015.7"
"C00585554","NOVA POLITICAL ACTION COMMITTEE","http://docquery.fec.gov/cgi-bin/fecimg/?C00585554","COMSTOCK, BARBARA","6979.02","30-JUN-18","137673","131500"
"C00633164","BUILDING INNOVATIVE GOOD GOVERNMENT SOLUTIONS PAC","http://docquery.fec.gov/cgi-bin/fecimg/?C00633164","","2160","30-JUN-18","340","2500"
"C00531590","PATRIOTS IN ACTION","http://docquery.fec.gov/cgi-bin/fecimg/?C00531590","WILLIAMS, ROGER","116764.31","30-JUN-18","12306.3","115160"
"C00627133","SECURING EVERY AMERICAN'S LIBERTY PAC (SEAL PAC)","http://docquery.fec.gov/cgi-bin/fecimg/?C00627133","TAYLOR, SCOTT","51640.14","30-JUN-18","115997.6","167637.8"
"C00531632","DEFENSE, ECONOMIC RENEWAL, EDUCATION AND KNOWLEDGE PAC","http://docquery.fec.gov/cgi-bin/fecimg/?C00531632","KILMER, DEREK","37860.78","30-JUN-18","127913.4","131163"
"C00548792","HELPING EVERY CAMPAIGN KICKOFF (HECK PAC)","http://docquery.fec.gov/cgi-bin/fecimg/?C00548792","HECK, DENNIS","49648.91","30-JUN-18","102137","144400"
"C00582726","JUMP INTO ACTION FOR CONSERVATIVES TO KEEP OUR IDEAS ELEVATED PAC","http://docquery.fec.gov/cgi-bin/fecimg/?C00582726","","26712.73","30-JUN-18","298548.7","310623.6"
"C00632323","KANSAS LEADERSHIP PAC","http://docquery.fec.gov/cgi-bin/fecimg/?C00632323","MARSHALL, ROGER W","8356.58","30-JUN-18","106071.1","114427.6"
"C00437061","FREEDOM AND SECURITY PAC","http://docquery.fec.gov/cgi-bin/fecimg/?C00437061","","107982.67","30-JUN-18","87964","187392.2"
"C00410621","SHOW-ME POLITICAL ACTION COMMITTEE","http://docquery.fec.gov/cgi-bin/fecimg/?C00410621","GRAVES, SAMUEL B JR 'SAM'","34010.93","18-JUL-18","230330.1","175500"
"C00387464","ALAMO PAC","http://docquery.fec.gov/cgi-bin/fecimg/?C00387464","CORNYN, JOHN","698253.91","30-JUN-18","1062527.1","1758416"
"C00411579","ACTON PAC","http://docquery.fec.gov/cgi-bin/fecimg/?C00411579","","126297.8","30-JUN-18","109552","228322.4"
"C00559146","BELIEVE IN LIFE LIBERTY YOURSELF (BILLY PAC)","http://docquery.fec.gov/cgi-bin/fecimg/?C00559146","LONG II, WILLIAM H.","59203.48","30-JUN-18","79336.4","86422.7"
"C00534032","SAFEGUARDING AMERICAN LIBERTIES MORALS & OPPORTUNITIES NOW (SALMON) PAC","http://docquery.fec.gov/cgi-bin/fecimg/?C00534032","SALMON, MATT","265441.2","30-JUN-18","135814.6","393628.8"
"C00385377","ROAD TO VICTORY POLITICAL ACTION COMMITTEE","http://docquery.fec.gov/cgi-bin/fecimg/?C00385377","DUNCAN, JOHN J REP. JR.","269666.6","30-JUN-18","29892.8","38453.1"
"C00570861","R SENATE PAC","http://docquery.fec.gov/cgi-bin/fecimg/?C00570861","","129469.89","30-JUN-18","95016.5","121500"
"C00457705","COUNTRY FIRST POLITICAL ACTION COMMITTEE, INC. (COUNTRY FIRST PAC)","http://docquery.fec.gov/cgi-bin/fecimg/?C00457705","MCCAIN, JOHN","68819.23","30-JUN-18","879501.2","866735.3"
"C00575894","BLUE POWER PAC","http://docquery.fec.gov/cgi-bin/fecimg/?C00575894","NORCROSS, DONALD W","96871.58","30-JUN-18","43675.1","138200"
"C00540310","SEDONA PAC","http://docquery.fec.gov/cgi-bin/fecimg/?C00540310","","0","28-FEB-17","422818.8","954.2"
"C00631077","STAND UP NEW HAMPSHIRE","http://docquery.fec.gov/cgi-bin/fecimg/?C00631077","","0","30-JUN-18","0","0"
"C00348607","IMPACT","http://docquery.fec.gov/cgi-bin/fecimg/?C00348607","SCHUMER, CHARLES","53882.38","30-JUN-18","1342552.5","1028054.9"
"C00526715","GREATER TOMORROW POLITICAL ACTION COMMITTEE","http://docquery.fec.gov/cgi-bin/fecimg/?C00526715","THOMPSON, GLENN","1580.81","30-JUN-18","54132.4","52000"
"C00630541","BLOCK BY BLOCK PAC","http://docquery.fec.gov/cgi-bin/fecimg/?C00630541","","0","30-JUN-18","0","0"
"C00390161","EUREKA POLITICAL ACTION COMMITTEE","http://docquery.fec.gov/cgi-bin/fecimg/?C00390161","CALVERT, KEN","3537.63","30-JUN-18","217474.6","205112.1"
"C00491043","LEAD YOUR  NATION NOW PAC  (LYNN PAC)","http://docquery.fec.gov/cgi-bin/fecimg/?C00491043","JENKINS, LYNN","6667.23","30-JUN-18","37929","24900"
"C00477067","EMPIRE PAC","http://docquery.fec.gov/cgi-bin/fecimg/?C00477067","GILLIBRAND, KIRSTEN","6591.97","30-JUN-18","139403.4","53500"
"C00630285","OC JOBS & EDUCATION","http://docquery.fec.gov/cgi-bin/fecimg/?C00630285","","10434.49","30-JUN-18","4733.5","15168"
"C00572362","AMERICANS FOR LEGISLATIVE EXCELLENCE PAC","http://docquery.fec.gov/cgi-bin/fecimg/?C00572362","MOONEY, ALEXANDER XAVIER","0","22-MAY-17","4869.6","1614.2"
"C00541128","FULL HOUSE PAC","http://docquery.fec.gov/cgi-bin/fecimg/?C00541128","","118961.54","30-JUN-18","61619.4","10011.5"
"C00629998","JENNI ACHIEVING GOALS & OPPORTUNITIES - JGO LPAC","http://docquery.fec.gov/cgi-bin/fecimg/?C00629998","","78971.71","30-JUN-18","63253","104624.7"
"C00461624","ARTICLE 1 POLITICAL ACTION COMMITTEE","http://docquery.fec.gov/cgi-bin/fecimg/?C00461624","YARMUTH, JOHN","21125.56","30-JUN-18","43405.3","32586.1"
"C00475608","RENEWING THE AMERICAN DREAM PAC","http://docquery.fec.gov/cgi-bin/fecimg/?C00475608","WALZ, TIMOTHY","4873.42","30-JUN-18","23542.6","19000"
"C00530816","IMMIGRATION REFORM FUND","http://docquery.fec.gov/cgi-bin/fecimg/?C00530816","GUTIERREZ, LUIS V.","340869.1","30-JUN-18","83654.2","82471.4"
"C00574723","PROSPERITY OKLAHOMA PAC","http://docquery.fec.gov/cgi-bin/fecimg/?C00574723","","535.87","30-JUN-18","10483.6","6200"
"C00628404","CYBERSECURITY GROWTH POLITICAL ACTION COMMITTEE","http://docquery.fec.gov/cgi-bin/fecimg/?C00628404","","","","",""
"C00486043","ROAD TO FREEDOM POLITICAL ACTION COMMITTEE","http://docquery.fec.gov/cgi-bin/fecimg/?C00486043","ROYCE, ED","100105.41","30-JUN-18","273925.1","284395.4"
"C00433219","FUND FOR THE MAJORITY PAC","http://docquery.fec.gov/cgi-bin/fecimg/?C00433219","FEINSTEIN, DIANE","55804.77","30-JUN-18","289023.3","278513"
"C00516021","GETTING US INVOLVED NOW, TRANSITIONING AMERICA PAC (GUINTA PAC)","http://docquery.fec.gov/cgi-bin/fecimg/?C00516021","GUINTA, FRANK","0","20-JUN-18","9470.8","0"
"C00553586","ARAB AMERICAN POLITICAL ACTION COMMITTEE OF MARYLAND","http://docquery.fec.gov/cgi-bin/fecimg/?C00553586","","67","15-APR-17","45","0"
"C00627661","LONE STAR LIBERTY FUND","http://docquery.fec.gov/cgi-bin/fecimg/?C00627661","","5139.72","30-JUN-18","10938.7","13907"
"C00559633","BRINGING YELLOWHAMMER REPUBLICANS NEW ENERGY (BYRNE PAC)","http://docquery.fec.gov/cgi-bin/fecimg/?C00559633","BYRNE, BRADLEY","9937.52","30-JUN-18","46984.5","54870.9"
"C00573394","BULLDOG VICTORY PAC","http://docquery.fec.gov/cgi-bin/fecimg/?C00573394","","12333.79","30-JUN-18","68751.7","69154.1"
"C00375584","GREAT LAKES PAC","http://docquery.fec.gov/cgi-bin/fecimg/?C00375584","STABENOW, DEBBIE","78395.35","30-JUN-18","643450.5","675930.3"
"C00615351","REAGAN HERITAGE PAC","http://docquery.fec.gov/cgi-bin/fecimg/?C00615351","","12949.11","30-JUN-18","4050.9","12500"
"C00467431","THE EYE OF THE TIGER POLITICAL ACTION COMMITTEE","http://docquery.fec.gov/cgi-bin/fecimg/?C00467431","SCALISE, STEVE","291726.57","30-JUN-18","1118249.8","1367805.9"
"C00627166","PRACTICAL SOLUTIONS FOR AMERICA","http://docquery.fec.gov/cgi-bin/fecimg/?C00627166","","0","31-MAR-17","100","0"
"C00563726","MR. SOUTHERN MISSOURIAN IN THE HOUSE PAC","http://docquery.fec.gov/cgi-bin/fecimg/?C00563726","SMITH, JASON","15671","30-JUN-18","163317.8","176180.8"
"C00486738","MANY INDIVIDUAL CONSERVATIVES HELPING ELECT LEADERS EVERYWHERE (MICHELEPAC)","http://docquery.fec.gov/cgi-bin/fecimg/?C00486738","","6221.07","30-JUN-18","18766.9","4150.3"
"C00340661","TEXAS FREEDOM FUND","http://docquery.fec.gov/cgi-bin/fecimg/?C00340661","","0","05-FEB-18","24079.4","12817.5"
"C00403675","AMERICA FORWARD LEADERSHIP PAC","http://docquery.fec.gov/cgi-bin/fecimg/?C00403675","CONYERS, JOHN","22569.17","30-JUN-18","0","18500"
"C00398750","NEW PAC","http://docquery.fec.gov/cgi-bin/fecimg/?C00398750","","242685.46","30-JUN-18","577695.6","565357.4"
"C00626184","PORT PAC","http://docquery.fec.gov/cgi-bin/fecimg/?C00626184","","0","30-JUN-18","0","0"
"C00549725","CONSERVATIVE ROUNDTABLE","http://docquery.fec.gov/cgi-bin/fecimg/?C00549725","","28551.17","30-JUN-18","205363.1","232113.4"
"C00625558","MILK RIVER PAC","http://docquery.fec.gov/cgi-bin/fecimg/?C00625558","","16833.38","30-JUN-18","117078.4","84869"
"C00553883","BUILDING AMERICAN CONSERVATISM PAC AKA GO BY BAC PAC","http://docquery.fec.gov/cgi-bin/fecimg/?C00553883","","12965.16","30-JUN-18","2006","5000"
"C00625111","STRENGTHENING VIRGINIA'S WORKING FAMILIES PAC","http://docquery.fec.gov/cgi-bin/fecimg/?C00625111","","10799.09","30-JUN-18","30972","30000"
"C00383422","AMERICANS FOR REPUBLICAN LEADERSHIP PAC","http://docquery.fec.gov/cgi-bin/fecimg/?C00383422","LANCE, LEONARD","18742.32","30-JUN-18","9980.6","20000"
"C00624809","DEFEND AMERICA NOW PAC","http://docquery.fec.gov/cgi-bin/fecimg/?C00624809","","13376.06","30-JUN-18","60788.1","73500"
"C00585893","CONSERVATIVE PROMISES PAC","http://docquery.fec.gov/cgi-bin/fecimg/?C00585893","","56019.85","30-JUN-18","55887.9","104893.7"
"C00332890","MARY BONO COMMITTEE","http://docquery.fec.gov/cgi-bin/fecimg/?C00332890","","2417.65","30-JUN-18","18737.7","0"
"C00590448","MAHALO PAC","http://docquery.fec.gov/cgi-bin/fecimg/?C00590448","","0","31-MAR-17","1049.7","0"
"C00576090","EVERGREEN PAC","http://docquery.fec.gov/cgi-bin/fecimg/?C00576090","DELBENE, SUZAN K","8651.24","30-JUN-18","75003.1","77128"
"C00525030","TOGETHER EVERYONE REALIZES REAL IMPACT AKA TERRI PAC","http://docquery.fec.gov/cgi-bin/fecimg/?C00525030","SEWELL, TERRYCINA ANDREA","22789","30-JUN-18","197592.9","146570.5"
"C00467837","EDPAC","http://docquery.fec.gov/cgi-bin/fecimg/?C00467837","PERLMUTTER, ED","28757.43","30-JUN-18","180832","173500"
"C00524603","KEEP AMERICA ROLLING PAC","http://docquery.fec.gov/cgi-bin/fecimg/?C00524603","KELLY, GEORGE J JR J. JR.","51199.21","30-JUN-18","115064.6","116620.4"
"C00619585","MOUNTAIN STATE VICTORY PAC","http://docquery.fec.gov/cgi-bin/fecimg/?C00619585","","2048.12","30-JUN-18","8451.9","8000"
"C00431478","GIVING WILLINGLY EMPOWERING NATIONALLY (GWEN) PAC","http://docquery.fec.gov/cgi-bin/fecimg/?C00431478","MOORE, GWEN","19354.56","30-JUN-18","189375.7","198578.6"
"C00536540","JOBS, FREEDOM, AND SECURITY PAC","http://docquery.fec.gov/cgi-bin/fecimg/?C00536540","CRUZ, RAFAEL","951731.99","30-JUN-18","730667.2","1512459.1"
"C00489906","FUNDING DEVELOPING LEADERSHIP POLITICAL ACTION COMMITTEE AKA FDL PAC","http://docquery.fec.gov/cgi-bin/fecimg/?C00489906","LUCAS, FRANK","17179.2","30-JUN-18","108224.8","61500"
"C00599092","WOLF PACK","http://docquery.fec.gov/cgi-bin/fecimg/?C00599092","CLEAVER II, EMANUEL","95951.92","30-JUN-18","32670.8","64500"
"C00385534","LEGPAC","http://docquery.fec.gov/cgi-bin/fecimg/?C00385534","CARDIN, BENJAMIN L","82744.24","30-JUN-18","247502.8","241500"
"C00545970","ROLE MODEL LEADERSHIP PAC","http://docquery.fec.gov/cgi-bin/fecimg/?C00545970","","25070.2","30-JUN-18","0","10400"
"C00376756","SPEAK UP AMERICA POLITICAL ACTION COMMITTEE","http://docquery.fec.gov/cgi-bin/fecimg/?C00376756","","5995.82","30-JUN-18","129987.3","131126.9"
"C00564658","MAKING INVESTMENTS MAJORITY INSURED PAC","http://docquery.fec.gov/cgi-bin/fecimg/?C00564658","","36123.68","30-JUN-18","490038.2","507136.1"
"C00493361","RAZOR PAC","http://docquery.fec.gov/cgi-bin/fecimg/?C00493361","WOMACK, STEVE","15549.93","30-JUN-18","45497.2","39500"
"C00420695","JOBS, ECONOMY AND BUDGET FUND (JEB FUND)","http://docquery.fec.gov/cgi-bin/fecimg/?C00420695","","20034.46","30-JUN-18","530350.3","522505.3"
"C00402602","LONGHORN PAC","http://docquery.fec.gov/cgi-bin/fecimg/?C00402602","SMITH, LAMAR","3633.13","30-JUN-18","117781.5","110500"
"C00328468","THE COMMITTEE FOR THE PRESERVATION OF CAPITALISM","http://docquery.fec.gov/cgi-bin/fecimg/?C00328468","BOUSTANY, CHARLES","0","31-JAN-17","6300.8","5000.8"
"C00613018","READY TO WORK PAC","http://docquery.fec.gov/cgi-bin/fecimg/?C00613018","","20067.2","30-JUN-18","12082.8","14650"
"C00590356","BUILDING AND RESTORING THE AMERICAN DREAM FUND","http://docquery.fec.gov/cgi-bin/fecimg/?C00590356","WENSTRUP, BRAD","21121.68","30-JUN-18","41674","55840.7"
"C00617803","JOBS EDUCATION & FAMILIES FIRST - JEFF PAC","http://docquery.fec.gov/cgi-bin/fecimg/?C00617803","","68154.58","30-JUN-18","88245.1","153500"
"C00440032","PROMOTING OUR REPUBLICAN TEAM PAC","http://docquery.fec.gov/cgi-bin/fecimg/?C00440032","","109574.1","31-MAY-18","759151.4","838823.3"
"C00484402","COUNTRY ROADS PAC","http://docquery.fec.gov/cgi-bin/fecimg/?C00484402","MANCHIN, JOE","515453.46","30-JUN-18","398991.2","369377.9"
"C00492538","LIBERTY & PROSPERITY PAC","http://docquery.fec.gov/cgi-bin/fecimg/?C00492538","","22344.53","30-JUN-18","207885.9","213698.2"
"C00502187","CONSERVATIVES RESTORING EXCELLENCE (CRE-PAC)","http://docquery.fec.gov/cgi-bin/fecimg/?C00502187","ELLMERS, RENEE","0","31-JAN-17","11354.6","0"
"C00525212","VICTORY AND FREEDOM PAC (VAF PAC)","http://docquery.fec.gov/cgi-bin/fecimg/?C00525212","FOXX, VIRGINIA","138071.87","30-JUN-18","171712.5","245000"
"C00497073","LOBO PAC","http://docquery.fec.gov/cgi-bin/fecimg/?C00497073","HEINRICH, MARTIN","3184.49","30-JUN-18","429192.6","426740.8"
"C00491654","CITIZENS FOR PROSPERITY IN AMERICA TODAY PAC","http://docquery.fec.gov/cgi-bin/fecimg/?C00491654","","118038.43","30-JUN-18","726203.8","824250"
"C00450320","INVEST IN A STRONG AND SECURE AMERICA","http://docquery.fec.gov/cgi-bin/fecimg/?C00450320","","155289.82","30-JUN-18","225465.2","176391.2"
"C00390831","JOHN S FUND","http://docquery.fec.gov/cgi-bin/fecimg/?C00390831","SHIMKUS, JOHN","18812.85","30-JUN-18","206095.2","215480"
"C00613364","GIVE ME LIBERTY PAC","http://docquery.fec.gov/cgi-bin/fecimg/?C00613364","","228.83","30-JUN-18","40231.6","26876.6"
"C00605212","HAVING UNWAVERING RESOLVE AND DETERMINATION PAC","http://docquery.fec.gov/cgi-bin/fecimg/?C00605212","HURD, WILLIAM","47468.24","30-JUN-18","145068.6","158909.2"
"C00363689","TALLATCHEE CREEK INC. PAC","http://docquery.fec.gov/cgi-bin/fecimg/?C00363689","SESSIONS, JEFF","0","18-JAN-17","52501.6","0"
"C00525238","IMPACT COMMITTEE","http://docquery.fec.gov/cgi-bin/fecimg/?C00525238","TURNER, REP MICHAEL R","32195.58","30-JUN-18","79471.1","97401.6"
"C00271338","AMERIPAC: THE FUND FOR A GREATER AMERICA","http://docquery.fec.gov/cgi-bin/fecimg/?C00271338","HOYER, STENY","533201.32","30-JUN-18","2739317.7","2799478.1"
"C00610840","BWC - BECAUSE WOMEN CAN PAC","http://docquery.fec.gov/cgi-bin/fecimg/?C00610840","","10750.87","30-JUN-18","11081.4","17200"
"C00502096","MICHIGAN'S FUTURE PAC","http://docquery.fec.gov/cgi-bin/fecimg/?C00502096","DAN KILDEE, DANEIL","3557.42","30-JUN-18","92305.5","79700"
"C00409805","VOICE FOR FREEDOM","http://docquery.fec.gov/cgi-bin/fecimg/?C00409805","","0","31-MAR-17","17023.9","107.5"
"C00422774","USA PAC - UNITED FOR A STRONG AMERICA","http://docquery.fec.gov/cgi-bin/fecimg/?C00422774","SCHIFF, ADAM","90050","30-JUN-18","233400.2","311889.6"
"C00607747","BAPTIST MAKING HEALTHIER COMMUNITIES","http://docquery.fec.gov/cgi-bin/fecimg/?C00607747","","","","",""
"C00493239","TAXPAYERS INCENSED BY GOVERNMENT EXCESS AND REGULATION PAC","http://docquery.fec.gov/cgi-bin/fecimg/?C00493239","ROSS, DENNIS","21437.14","30-JUN-18","40837.8","50150"
"C00523639","GOLDEN STATE LEADERSHIP PAC","http://docquery.fec.gov/cgi-bin/fecimg/?C00523639","STRICKLAND, ANTHONY A","750","30-JUN-18","0","0"
"C00417717","KENTUCKY FORWARD PAC","http://docquery.fec.gov/cgi-bin/fecimg/?C00417717","","9233","30-JUN-18","1194","0"
"C00593475","MOVING AMERICA'S REPUBLICANS INTO NUMBER ONE PAC","http://docquery.fec.gov/cgi-bin/fecimg/?C00593475","MARINO, THOMAS ANTHONY","16926.6","30-JUN-18","8023.4","5100"
"C00602789","POLITICS AND THE DEAF","http://docquery.fec.gov/cgi-bin/fecimg/?C00602789","","","","",""
"C00597062","BUDDY PAC","http://docquery.fec.gov/cgi-bin/fecimg/?C00597062","","45460.43","30-JUN-18","78688","90500"
"C00594101","DULLESPAC","http://docquery.fec.gov/cgi-bin/fecimg/?C00594101","","815.42","30-JUN-18","0","64.4"
"C00574798","KEYSTONE LEADERSHIP PAC","http://docquery.fec.gov/cgi-bin/fecimg/?C00574798","FITZPATRICK, MICHAEL","0","31-MAR-17","2471","0"
"C00594473","KEN PAC","http://docquery.fec.gov/cgi-bin/fecimg/?C00594473","","24161.18","30-JUN-18","42456.5","59300"
"C00564260","CLEAN PAC","http://docquery.fec.gov/cgi-bin/fecimg/?C00564260","","69898.29","30-JUN-18","131864.6","126189.8"
"C00345124","LEADING ORANGE COUNTY PAC","http://docquery.fec.gov/cgi-bin/fecimg/?C00345124","SANCHEZ, LORETTA","11076.54","30-JUN-18","10299.5","0"
"C00591461","NEW MEXICO WORKS PAC","http://docquery.fec.gov/cgi-bin/fecimg/?C00591461","","6458.15","30-JUN-18","18475.1","11120.9"
"C00465112","MISSION PAC","http://docquery.fec.gov/cgi-bin/fecimg/?C00465112","","0","10-FEB-17","958","0"
"C00589994","BUILDING RENEWAL IN AMERICA NOW PAC","http://docquery.fec.gov/cgi-bin/fecimg/?C00589994","","5882.74","30-JUN-18","36651.5","40250"
"C00404418","STAND TALL AMERICA PAC (STAPAC)","http://docquery.fec.gov/cgi-bin/fecimg/?C00404418","","117989.24","30-JUN-18","211632.9","297800"
"C00589606","INNOVATE PAC","http://docquery.fec.gov/cgi-bin/fecimg/?C00589606","","14844.85","30-JUN-18","0","6000"
"C00383927","WIN BACK AMERICA POLITICAL ACTION COMMITTEE","http://docquery.fec.gov/cgi-bin/fecimg/?C00383927","","0","30-JUN-17","680.4","0"
"C00588277","IGNITE OKLAHOMA PAC","http://docquery.fec.gov/cgi-bin/fecimg/?C00588277","","0","27-JAN-17","0","0"
"C00567693","HAWAII PAC","http://docquery.fec.gov/cgi-bin/fecimg/?C00567693","SCHATZ, BRIAN","25493.3","30-JUN-18","505057.4","515717.9"
"C00361956","21ST CENTURY MAJORITY FUND","http://docquery.fec.gov/cgi-bin/fecimg/?C00361956","","405832.12","30-JUN-18","664786","754154.9"
"C00582650","WOMEN'S EMPOWERMENT POLITICAL ACTION COMMITTEE AKA WE PAC","http://docquery.fec.gov/cgi-bin/fecimg/?C00582650","","","","",""
"C00451583","WOLVERINE PAC","http://docquery.fec.gov/cgi-bin/fecimg/?C00451583","DINGELL, DEBBIE","22381.26","30-JUN-18","51786.6","60500"
"C00581751","ASSOCIATION OF MISSOURI NURSE PRACTITIONER'S POLITICAL ACTION COMMITTEE","http://docquery.fec.gov/cgi-bin/fecimg/?C00581751","","","","",""
"C00479253","FIRST TEAM PAC","http://docquery.fec.gov/cgi-bin/fecimg/?C00479253","","30576.06","30-JUN-18","24213.6","25894.9"
"C00572438","MI14 PAC","http://docquery.fec.gov/cgi-bin/fecimg/?C00572438","LAWRENCE, BRENDA","36110","30-JUN-18","550","17500"
"C00581892","PONDEROSA PAC","http://docquery.fec.gov/cgi-bin/fecimg/?C00581892","","10768.45","30-JUN-18","17030.9","10200"
"C00567180","AMERICA UNLIMITED","http://docquery.fec.gov/cgi-bin/fecimg/?C00567180","YOHO, THEODORE SCOTT MR.","9631.23","30-JUN-18","22750","25000"
"C00392134","MAKING BUSINESS EXCEL POLITICAL ACTION COMMITTEE","http://docquery.fec.gov/cgi-bin/fecimg/?C00392134","","146151.74","30-JUN-18","405369.2","439650"
"C00413948","ARKANSAS FOR LEADERSHIP POLITICAL ACTION COMMITTEE (ARKPAC)","http://docquery.fec.gov/cgi-bin/fecimg/?C00413948","BOOZMAN, SEN. JOHN","61961.02","30-JUN-18","300067.6","349533.3"
"C00580738","PATIENT'S RIGHT TO EXCELLENT MEDICINE","http://docquery.fec.gov/cgi-bin/fecimg/?C00580738","","","","",""
"C00580464","RACPAC","http://docquery.fec.gov/cgi-bin/fecimg/?C00580464","","13247.94","30-JUN-18","125953.8","116693.6"
"C00528596","GROW OUR HOUSE PAC","http://docquery.fec.gov/cgi-bin/fecimg/?C00528596","","190.9","30-JUN-18","8045","1855"
"C00379479","THE HAWKEYE PAC","http://docquery.fec.gov/cgi-bin/fecimg/?C00379479","GRASSLEY, CHARLES E","384400.96","30-JUN-18","232394.3","487900"
"C00579516","LOWCOUNTRY PALMETTO PAC","http://docquery.fec.gov/cgi-bin/fecimg/?C00579516","","2486.15","30-JUN-18","1731","2500"
"C00577288","DECIDING CRITICAL RACES PAC (DCR PAC)","http://docquery.fec.gov/cgi-bin/fecimg/?C00577288","ROUZER, DAVID CHESTON MR.","21651.83","30-JUN-18","12695.3","32800"
"C00375451","MOVING AMERICA FORWARD","http://docquery.fec.gov/cgi-bin/fecimg/?C00375451","NELSON, BILL","43772.1","30-JUN-18","515167.4","528394"
"C00540393","DBM PAC","http://docquery.fec.gov/cgi-bin/fecimg/?C00540393","MCKINLEY, DAVID","13851.72","30-JUN-18","21156.5","31000"
"C00482703","FREEDOM PAC","http://docquery.fec.gov/cgi-bin/fecimg/?C00482703","HICE, JODY","0","30-JUN-18","0","0"
"C00490235","GEORGIA PAC","http://docquery.fec.gov/cgi-bin/fecimg/?C00490235","GRAVES, JOHN","156903.04","30-JUN-18","213389","298725.9"
"C00569558","REBUILDING AMERICAS TRUST PAC","http://docquery.fec.gov/cgi-bin/fecimg/?C00569558","WOODALL, ROB REP.","13109.54","30-JUN-18","29700","23500"
"C00571646","WHAT A COUNTRY! PAC","http://docquery.fec.gov/cgi-bin/fecimg/?C00571646","CURBELO, CARLOS","56595.4","30-JUN-18","357872.5","390795.8"
"C00430819","BORN FIGHTING PAC","http://docquery.fec.gov/cgi-bin/fecimg/?C00430819","","9293.61","30-JUN-18","32785.9","0"
"C00327395","SEARCHLIGHT LEADERSHIP FUND","http://docquery.fec.gov/cgi-bin/fecimg/?C00327395","REID, HARRY","160431.36","30-JUN-18","131425.9","35831.6"
"C00362236","COMMITTEE FOR SOUTHWEST VIRGINIA","http://docquery.fec.gov/cgi-bin/fecimg/?C00362236","BOUCHER, FREDERICK C","372600.13","30-JUN-18","2941.1","76273.7"
"C00370122","COMMITTEE FOR A DEMOCRATIC FUTURE","http://docquery.fec.gov/cgi-bin/fecimg/?C00370122","DELAURO, ROSA L","29623.45","30-JUN-18","105611.4","121036.6"
"C00567545","BOOTS POLITICAL ACTION COMMITTEE","http://docquery.fec.gov/cgi-bin/fecimg/?C00567545","MULLIN, MARKWAYNE","24491.79","30-JUN-18","77032.4","82664"
"C00576975","LATINO LEADERS FOR EQUALITY GROWTH OPPORTUNITY PROGRESSIVE ACTION & CHANGE (LLEGO-PAC)","http://docquery.fec.gov/cgi-bin/fecimg/?C00576975","","25727.37","30-JUN-18","44104.3","62000"
"C00296640","REPUBLICAN MAJORITY FUND","http://docquery.fec.gov/cgi-bin/fecimg/?C00296640","","375453.9","30-JUN-18","633556.4","873739.2"
"C00576249","NORCAL WATER JOBS LIBERTY PAC","http://docquery.fec.gov/cgi-bin/fecimg/?C00576249","","4296.96","30-JUN-18","26132.1","28500"
"C00481176","CONCERNED AMERICANS FOR FREEDOM & OPPORTUNITY PAC (CAFO PAC)","http://docquery.fec.gov/cgi-bin/fecimg/?C00481176","SMITH, ADRIAN","8289.15","30-JUN-18","11197.5","15500"
"C00574970","FAIR SHOT PAC","http://docquery.fec.gov/cgi-bin/fecimg/?C00574970","","24143.55","30-JUN-18","89023.4","92200"
"C00412221","BUILDING A MAJORITY PAC (BAMPAC)","http://docquery.fec.gov/cgi-bin/fecimg/?C00412221","MIKULSKI, BARBARA","0","30-APR-17","23281.5","0"
"C00344374","VICTORY POLITICAL ACTION COMMITTEE","http://docquery.fec.gov/cgi-bin/fecimg/?C00344374","","358","31-MAY-18","0","0"
"C00431197","VALLEY POLITICAL ACTION COMMITTEE","http://docquery.fec.gov/cgi-bin/fecimg/?C00431197","PETERSON, COLLIN CLARK","268064.68","30-JUN-18","14772.8","112013.2"
"C00571851","JOINING TO ELEVATE THE TRUTH PAC (JETT PAC)","http://docquery.fec.gov/cgi-bin/fecimg/?C00571851","","","","",""
"C00551838","VITORIA PAC","http://docquery.fec.gov/cgi-bin/fecimg/?C00551838","","16523.85","30-JUN-18","76892.5","77904.2"
"C00573709","CA LUV PAC (CALIFORNIA LEADERSHIP UNITED FOR VICTORY PAC)","http://docquery.fec.gov/cgi-bin/fecimg/?C00573709","","19617.92","30-JUN-18","104771.1","113515"
"C00455832","JUST PERMANENT INTERESTS POLITICAL ACTION COMMITTEE","http://docquery.fec.gov/cgi-bin/fecimg/?C00455832","","21909","31-MAR-18","22613.8","38500"
"C00536607","DAKOTA PRAIRIE PAC","http://docquery.fec.gov/cgi-bin/fecimg/?C00536607","","60477.27","30-JUN-18","742179.4","729000"
"C00571083","3 POINT LEADERSHIP FUND","http://docquery.fec.gov/cgi-bin/fecimg/?C00571083","","0","25-MAY-17","1998.4","0"
"C00411967","ALOHA PAC","http://docquery.fec.gov/cgi-bin/fecimg/?C00411967","ABERCROMBIE, NEIL","7309.07","30-JUN-18","447.4","0"
"C00530774","LEADERSHIP RESPONSIBILITY AND ACTION PAC AKA LRA PAC","http://docquery.fec.gov/cgi-bin/fecimg/?C00530774","ROYBAL-ALLARD, LUCILLE","2750.03","30-JUN-18","21154","16500"
"C00351056","PROGRESS PAC","http://docquery.fec.gov/cgi-bin/fecimg/?C00351056","VELAZQUEZ, M.","8689.06","30-JUN-18","35650","33500"
"C00470666","SKIPAC","http://docquery.fec.gov/cgi-bin/fecimg/?C00470666","MATHESON, JAMES","45573.62","30-JUN-18","4769.7","0"
"C00378356","VIRGINIA LEADERSHIP PAC","http://docquery.fec.gov/cgi-bin/fecimg/?C00378356","MORAN, JR., JAMES P.","49333.99","30-JUN-18","3451","76.4"
"C00452763","NEW SOUTH LEADERSHIP PAC","http://docquery.fec.gov/cgi-bin/fecimg/?C00452763","BUTTERFIELD, GK","25054.88","30-JUN-18","48536.8","32340.4"
"C00571422","AMERICA'S COMMITTEE FOR EXCELLENCE POLITICAL ACTION COMMITTEE (ACEPAC)","http://docquery.fec.gov/cgi-bin/fecimg/?C00571422","","2590.4","30-JUN-18","41318.5","35052.7"
"C00165548","SAC PAC","http://docquery.fec.gov/cgi-bin/fecimg/?C00165548","MATSUI, DORIS","33170.43","30-JUN-18","89519.1","114500"
"C00417493","PROGRESSIVE AMERICANS FOR DEMOCRACY","http://docquery.fec.gov/cgi-bin/fecimg/?C00417493","","22370.41","30-JUN-18","156094.4","171732.4"
"C00526657","TOWARD TOMORROW PAC","http://docquery.fec.gov/cgi-bin/fecimg/?C00526657","CASTRO, JOAQUIN","11635.01","30-JUN-18","28736.7","39490"
"C00571943","FOSTERING PROGRESS PAC","http://docquery.fec.gov/cgi-bin/fecimg/?C00571943","","28042.6","30-JUN-18","6083.9","34000"
"C00432104","GREAT AMERICAN FUND","http://docquery.fec.gov/cgi-bin/fecimg/?C00432104","BOREN, DAVID DANIEL","27711.65","30-JUN-18","8139.2","0"
"C00452748","GREATER OPPORTUNITIES FOR LEADERSHIP DEVELOPMENT (GOLD PAC)","http://docquery.fec.gov/cgi-bin/fecimg/?C00452748","BISHOP, SANFORD","17378.26","30-JUN-18","55450.1","52500"
"C00542027","BIG SKY OPPORTUNITY PAC","http://docquery.fec.gov/cgi-bin/fecimg/?C00542027","","132339.66","30-JUN-18","351600.2","446766"
"C00528992","PROMISE PAC","http://docquery.fec.gov/cgi-bin/fecimg/?C00528992","FUDGE, MARCIA","39961.48","30-JUN-18","48592.9","59000"
"C00571570","NEW OPPORTUNITY FOR REAL MONUMENTAL ACTION (NORMA PAC)","http://docquery.fec.gov/cgi-bin/fecimg/?C00571570","","10232.37","30-JUN-18","10083","19091"
"C00415869","HARVEST PAC","http://docquery.fec.gov/cgi-bin/fecimg/?C00415869","","8106.87","30-JUN-18","7464.7","10000"
"C00571430","EFFECTIVE LEADERSHIP ENHANCING COMMUNITIES TODAY - ELECT PAC","http://docquery.fec.gov/cgi-bin/fecimg/?C00571430","","14654.44","30-JUN-18","8866.5","22000"
"C00459305","LONG LEAF PINE PAC","http://docquery.fec.gov/cgi-bin/fecimg/?C00459305","","38457.76","30-JUN-18","29286.5","11486.9"
"C00321596","HOUSE MAJORITY FUND","http://docquery.fec.gov/cgi-bin/fecimg/?C00321596","LEWIS, JOHN","38722.11","30-JUN-18","0","28000"
"C00481242","TAKIN BACK AMERICA","http://docquery.fec.gov/cgi-bin/fecimg/?C00481242","AKIN, W TODD","22722.79","30-JUN-18","7837","0"
"C00405050","BRINGING EVERYONE TOGETHER THROUGH ADVOCACY","http://docquery.fec.gov/cgi-bin/fecimg/?C00405050","MCCOLLUM, BETTY","12148.49","30-JUN-18","64164.6","68850"
"C00571216","DEFENDING AMERICAN VALUES EVERYWHERE PAC (DAVE PAC)","http://docquery.fec.gov/cgi-bin/fecimg/?C00571216","","8044.32","30-JUN-18","22012.5","22000"
"C00570887","TO REPUBLICANS OWNING THIS TOWN IN EVERY RACE PAC TROTTER PAC","http://docquery.fec.gov/cgi-bin/fecimg/?C00570887","","0","31-MAR-18","4012.4","3500"
"C00415208","LONE STAR LEADERSHIP PAC","http://docquery.fec.gov/cgi-bin/fecimg/?C00415208","","110214.85","30-JUN-18","515384.7","549303"
"C00570671","ZIA POLITICAL ACTION COMMITTEE (ZIA PAC)","http://docquery.fec.gov/cgi-bin/fecimg/?C00570671","","0","07-JUL-17","88659.8","76211.9"
"C00554535","CONGRESSIONAL HOUSE REPUBLICANS IN SERVICE PAC (CHRIS PAC)","http://docquery.fec.gov/cgi-bin/fecimg/?C00554535","","25106.14","30-JUN-18","120320.1","125844.3"
"C00492165","COMMITTEE TO STRENGTHEN AMERICA; THE","http://docquery.fec.gov/cgi-bin/fecimg/?C00492165","ANDREWS, ROBERT E. MR.","25093.6","30-JUN-18","11700","0"
"C00409185","GOOD FUND, THE","http://docquery.fec.gov/cgi-bin/fecimg/?C00409185","GOODLATTE, ROBERT","49849.99","30-JUN-18","278387.6","215840.7"
"C00569871","DOING RIGHT - RESULTS ACTION UNITY LEADERSHIP PAC DR RAUL PAC","http://docquery.fec.gov/cgi-bin/fecimg/?C00569871","","19925.35","30-JUN-18","101815.4","100850"
"C00416552","3T PAC","http://docquery.fec.gov/cgi-bin/fecimg/?C00416552","","","","",""
"C00568709","BRIDGING THE GAP","http://docquery.fec.gov/cgi-bin/fecimg/?C00568709","","30916.91","30-JUN-18","6656.1","29475"
"C00555086","MAKING ACTIONS COUNT POLITICAL ACTION COMMITTEE (MACPAC)","http://docquery.fec.gov/cgi-bin/fecimg/?C00555086","MCALLISTER, VANCE MICHAEL","442.94","30-JUN-18","182","0"
"C00540955","FEARLESS PAC","http://docquery.fec.gov/cgi-bin/fecimg/?C00540955","JARED POLIS, JARED","0","31-JUL-17","192789.6","110059.5"
"C00529693","BLUE MAJORITY PAC","http://docquery.fec.gov/cgi-bin/fecimg/?C00529693","POCAN, MARK","41329.83","30-JUN-18","114193.1","115000"
"C00563338","SEAGRASS PAC","http://docquery.fec.gov/cgi-bin/fecimg/?C00563338","JOLLY, DAVID W.","4989.79","30-JUN-18","4993.9","730.1"
"C00567495","JOBS UNITE LABOR AND INDUSTRY IN AMERICA PAC (JULIA PAC)","http://docquery.fec.gov/cgi-bin/fecimg/?C00567495","","63390.07","30-JUN-18","6232","42500"
"C00448191","GOP GENERATION Y FUND","http://docquery.fec.gov/cgi-bin/fecimg/?C00448191","SCHOCK, AARON","72970.72","30-JUN-18","60","0"
"C00565226","DEMOCRATS MAKING PROGRESS PAC DMP JR PAC","http://docquery.fec.gov/cgi-bin/fecimg/?C00565226","","9980","30-JUN-18","12","10000"
"C00566117","REPUBLICANS IN CONGRESS EMPOWERING AMERICA","http://docquery.fec.gov/cgi-bin/fecimg/?C00566117","","9661.85","30-JUN-18","82393.6","75860"
"C00563247","PROTECTING AMERICA UNDER LAW POLITICAL ACTION COMMITTEE","http://docquery.fec.gov/cgi-bin/fecimg/?C00563247","GOSAR, PAUL ANTHONY","33275.14","30-JUN-18","5156.7","15950"
"C00499798","VICKY PAC","http://docquery.fec.gov/cgi-bin/fecimg/?C00499798","HARTZLER, VICKY","15499","30-JUN-18","75037.3","85500"
"C00524033","AMERICAN FREEDOM PAC","http://docquery.fec.gov/cgi-bin/fecimg/?C00524033","HUELSKAMP, TIMOTHY A REPRESENTA","0","31-DEC-17","7563.3","0"
"C00543207","BADLANDS PAC","http://docquery.fec.gov/cgi-bin/fecimg/?C00543207","CRAMER, KEVIN","119486.23","30-JUN-18","46775.9","161971.3"
"C00529834","BRIGHTER FUTURES PAC (BF PAC)","http://docquery.fec.gov/cgi-bin/fecimg/?C00529834","FARENTHOLD, RANDOLPH BLAKE","7776.45","30-JUN-18","14840.2","18165.8"
"C00302588","NATIONAL LEADERSHIP PAC","http://docquery.fec.gov/cgi-bin/fecimg/?C00302588","","","","",""
"C00565630","MAINTAINING ALL REPUBLICANS IN OFFICE PAC","http://docquery.fec.gov/cgi-bin/fecimg/?C00565630","","6661.64","30-JUN-18","74501.3","65500"
"C00450247","FLORIDA DELIVERS LEADERSHIP PAC","http://docquery.fec.gov/cgi-bin/fecimg/?C00450247","BROWN, CORRINE","-412.88","27-JAN-17","0","0"
"C00563601","SUPPORTING HOUSE PROBLEM SOLVERS - SHP PAC","http://docquery.fec.gov/cgi-bin/fecimg/?C00563601","","19768.72","30-JUN-18","79460","71500"
"C00563429","MAKING A SENSIBLE SHIFT IN ELECTIONS (MASSIE PAC)","http://docquery.fec.gov/cgi-bin/fecimg/?C00563429","","9620.23","30-JUN-18","8222.3","12500"
"C00500025","RECLAIM AMERICA PAC","http://docquery.fec.gov/cgi-bin/fecimg/?C00500025","RUBIO, MARCO","123762.7","30-JUN-18","609164","556900.4"
"C00445379","MAKING AMERICA PROSPEROUS PAC","http://docquery.fec.gov/cgi-bin/fecimg/?C00445379","","272186.07","30-JUN-18","1094289.9","1122200.9"
"C00235655","BLUEGRASS COMMITTEE","http://docquery.fec.gov/cgi-bin/fecimg/?C00235655","MCCONNELL, MITCH","142894.66","30-JUN-18","1065040.4","1165071.4"
"C00432930","FISCAL LEADERSHIP AND KNOWING ECONOMICS PAC","http://docquery.fec.gov/cgi-bin/fecimg/?C00432930","","211316.57","30-JUN-18","205557.3","380284.5"
"C00556258","SEE CHANGE - SCIENCE ENERGY & ENVIRONMENT CHANGE PAC","http://docquery.fec.gov/cgi-bin/fecimg/?C00556258","MCNERNEY, JERRY","3314.68","30-JUN-18","44046.3","45655"
"C00366419","NEBRASKA LEADERSHIP PAC","http://docquery.fec.gov/cgi-bin/fecimg/?C00366419","","38393.28","30-JUN-18","200","0"
"C00559211","RESTORE DEMOCRACY","http://docquery.fec.gov/cgi-bin/fecimg/?C00559211","","30595.61","30-JUN-18","7130","30000"
"C00542993","TIME TO UNITE LEAD AND SERVE WITH INTEGRITY - TULSI PAC","http://docquery.fec.gov/cgi-bin/fecimg/?C00542993","GABBARD, TULSI","0","30-JUN-18","24756.7","10258.4"
"C00402172","PITTSPAC","http://docquery.fec.gov/cgi-bin/fecimg/?C00402172","PITTS, JOSEPH","","","",""
"C00552489","AT THE TABLE!","http://docquery.fec.gov/cgi-bin/fecimg/?C00552489","","25544.07","30-JUN-18","41730.8","36125"
"C00552539","MAKE IT WORK PAC","http://docquery.fec.gov/cgi-bin/fecimg/?C00552539","","27164.09","30-JUN-18","90984.4","114350"
"C00349233","NEW MILLENNIUM PAC","http://docquery.fec.gov/cgi-bin/fecimg/?C00349233","","111977.34","30-JUN-18","396009.7","444233.7"
"C00551168","PUGET PAC","http://docquery.fec.gov/cgi-bin/fecimg/?C00551168","","38116.25","30-JUN-18","65408.2","79500"
"C00459123","NEW PIONEERS PAC","http://docquery.fec.gov/cgi-bin/fecimg/?C00459123","WALDEN, GREGORY P","331628.84","30-JUN-18","984292.4","1156203.3"
"C00546325","TAKING AN INDEPENDENT PERSPECTIVE TOGETHER FOR OUR NATION PAC","http://docquery.fec.gov/cgi-bin/fecimg/?C00546325","","9536.69","30-JUN-18","3030","10000"
"C00544411","CATALYST PAC","http://docquery.fec.gov/cgi-bin/fecimg/?C00544411","RADEL, HENRY","0","13-SEP-17","7667.9","0"
"C00474841","SHERIFF PAC","http://docquery.fec.gov/cgi-bin/fecimg/?C00474841","REICHERT, DAVE","12032.83","30-JUN-18","6503","5500"
"C00431403","VOTE TO ELECT REPUBLICANS NOW PAC (VERN PAC)","http://docquery.fec.gov/cgi-bin/fecimg/?C00431403","","33249.47","30-JUN-18","232953.9","264879"
"C00486613","LOUISE'S PAC","http://docquery.fec.gov/cgi-bin/fecimg/?C00486613","SLAUGTHER, LOUISE","6673.41","30-JUN-18","7017.8","7500"
"C00542621","MAPLE PAC","http://docquery.fec.gov/cgi-bin/fecimg/?C00542621","","60319.65","30-JUN-18","25260","55000"
"C00425470","DEMOCRATS WIN SEATS (DWS PAC)","http://docquery.fec.gov/cgi-bin/fecimg/?C00425470","WASSERMAN SCHULTZ, DEBBIE","30732.45","30-JUN-18","356529","359400.7"
"C00547356","INLAND EMPIRE STRIKES PAC; THE","http://docquery.fec.gov/cgi-bin/fecimg/?C00547356","","7253.54","30-JUN-18","101835.5","106750"
"C00495705","MAKE IT IN AMERICA PAC","http://docquery.fec.gov/cgi-bin/fecimg/?C00495705","GARAMENDI, CONGRESSMAN JOHN","33802.09","30-JUN-18","4330.2","32500"
"C00397067","OCEAN STATE POLITICAL ACTION COMMITTEE (OSPAC)","http://docquery.fec.gov/cgi-bin/fecimg/?C00397067","LANGEVIN, JAMES R","20608.85","30-JUN-18","94500","96000"
"C00545236","NEW VOICE PAC","http://docquery.fec.gov/cgi-bin/fecimg/?C00545236","","37093.36","30-JUN-18","24754","27500"
"C00343947","NEXT CENTURY FUND","http://docquery.fec.gov/cgi-bin/fecimg/?C00343947","","385762.5","30-JUN-18","429217.8","608059.2"
"C00411611","SECURE PAC","http://docquery.fec.gov/cgi-bin/fecimg/?C00411611","","360487.88","30-JUN-18","48422.2","107987.4"
"C00544270","IDAHO CONSERVATIVE GROWTH FUND","http://docquery.fec.gov/cgi-bin/fecimg/?C00544270","","40250.07","30-JUN-18","23731.7","36000"
"C00416404","ARCH LEADERSHIP PAC","http://docquery.fec.gov/cgi-bin/fecimg/?C00416404","","868.6","30-JUN-18","285","1000"
"C00505693","BUILDING EFFECTIVE RESPONSIBLE GOVERNMENT PAC (BERG PAC)","http://docquery.fec.gov/cgi-bin/fecimg/?C00505693","BERG, RICHARD","34013.1","30-JUN-18","3730","1"
"C00456913","LEADERSHIP FOR AMERICAN OPPORTUNITY","http://docquery.fec.gov/cgi-bin/fecimg/?C00456913","FATTAH, CHAKA","","","",""
"C00542746","COMMON GOOD FUND","http://docquery.fec.gov/cgi-bin/fecimg/?C00542746","","0","30-JUN-17","1947.7","0"
"C00499996","DEFENDING AND INVESTING IN AMERICA'S NEW ENDEAVORS PAC (DIANE PAC)","http://docquery.fec.gov/cgi-bin/fecimg/?C00499996","BLACK, DIANE","37501.3","30-JUN-18","95160.8","101400"
"C00446625","LIBERTY PROJECT","http://docquery.fec.gov/cgi-bin/fecimg/?C00446625","","0","12-JAN-17","9239.4","0"
"C00356378","OHIO USA PAC","http://docquery.fec.gov/cgi-bin/fecimg/?C00356378","","0","30-JUN-17","35262.5","5018.8"
"C00540989","COMMUNITY PAC","http://docquery.fec.gov/cgi-bin/fecimg/?C00540989","","14033.05","30-JUN-18","18807","25000"
"C00540906","CHERPAC","http://docquery.fec.gov/cgi-bin/fecimg/?C00540906","","73339.86","30-JUN-18","169952.1","222950"
"C00344234","PAC TO THE FUTURE","http://docquery.fec.gov/cgi-bin/fecimg/?C00344234","","665046.28","30-JUN-18","883321.8","942297.5"
"C00528075","FIRST CAPITAL PAC","http://docquery.fec.gov/cgi-bin/fecimg/?C00528075","PERRY, SCOTT","1266.72","30-JUN-18","50","1"
"C00413716","NEW YORK JOBS PAC","http://docquery.fec.gov/cgi-bin/fecimg/?C00413716","","9186.57","30-JUN-18","40","0"
"C00513523","TN4UPAC","http://docquery.fec.gov/cgi-bin/fecimg/?C00513523","","3366.84","30-JUN-18","27865","30000"
"C00345702","SECURE AMERICA'S MAJORITY PAC","http://docquery.fec.gov/cgi-bin/fecimg/?C00345702","JOHNSON, SAMUEL","1879.66","30-JUN-18","17393","0"
"C00202861","THE SENATE VICTORY FUND PAC","http://docquery.fec.gov/cgi-bin/fecimg/?C00202861","COCHRAN, THAD","74814.44","30-JUN-18","129450.9","144501.3"
"C00486332","VISION FOR AMERICA","http://docquery.fec.gov/cgi-bin/fecimg/?C00486332","","68169.05","30-JUN-18","29638.5","97531.1"
"C00531756","DOUGLASPAC-DOING OUR UTMOST FOR GOD LIBERTY AND SECURITY","http://docquery.fec.gov/cgi-bin/fecimg/?C00531756","","31611.33","30-JUN-18","7333.7","15000"
"C00527846","ANN MARIE PAC","http://docquery.fec.gov/cgi-bin/fecimg/?C00527846","","2228.71","30-JUN-18","1020","0"
"C00527275","BILL PAC","http://docquery.fec.gov/cgi-bin/fecimg/?C00527275","","10299.62","30-JUN-18","40944.8","34000"
"C00525592","COOL PAC","http://docquery.fec.gov/cgi-bin/fecimg/?C00525592","WEBSTER, DANIEL","2468.2","30-JUN-18","1500","0"
"C00438721","WE THE PEOPLE PAC","http://docquery.fec.gov/cgi-bin/fecimg/?C00438721","","1598.44","30-JUN-18","1090","0"
"C00526046","PATRIOTS LEADING A MAJORITY","http://docquery.fec.gov/cgi-bin/fecimg/?C00526046","","33252.9","30-JUN-18","120084.6","144200"
"C00521310","LIBERTY FUND; THE","http://docquery.fec.gov/cgi-bin/fecimg/?C00521310","","35197.37","30-JUN-18","72940.1","106000"
"C00511196","AMERICA NOW","http://docquery.fec.gov/cgi-bin/fecimg/?C00511196","CARSON, ANDRE","25520.81","30-JUN-18","10753","19500"
"C00426809","MADISON PAC; THE","http://docquery.fec.gov/cgi-bin/fecimg/?C00426809","NEAL, RICHARD E MR.","1113377.14","30-JUN-18","239709.1","470200"
"C00524611","MAKE OPPORTUNITY POLITICAL ACTION COMMITTEE","http://docquery.fec.gov/cgi-bin/fecimg/?C00524611","","38611.47","30-JUN-18","6821.1","10000"
"C00523670","DEL PAC","http://docquery.fec.gov/cgi-bin/fecimg/?C00523670","","9029.62","30-JUN-18","4487.1","700"
"C00522318","PATRIOT POLITICAL ACTION COMMITTEE","http://docquery.fec.gov/cgi-bin/fecimg/?C00522318","","3251.5","30-JUN-18","26201.3","13500"
"C00483487","BRETTPAC-THE LEADERSHIP PAC OF U.S.REPRESENATIVE BRETT GUTHRIE","http://docquery.fec.gov/cgi-bin/fecimg/?C00483487","","23070.5","30-JUN-18","87232.4","66569.3"
"C00520841","FIGHTIN' NINTH POLITICAL ACTION COMMITTEE","http://docquery.fec.gov/cgi-bin/fecimg/?C00520841","","20001.93","30-JUN-18","43274.6","55000"
"C00399196","BUILDING RELATIONSHIPS IN DIVERSE GEOGRAPHIC ENVIRONMENTS PAC (BRIDGE PAC)","http://docquery.fec.gov/cgi-bin/fecimg/?C00399196","CLYBURN, JAMES E","342614.89","30-JUN-18","1076116.4","1070421.6"
"C00516724","JOBS, ENERGY AND OUR FOUNDING FATHERS PAC-JEFF PAC","http://docquery.fec.gov/cgi-bin/fecimg/?C00516724","","10821.75","30-JUN-18","43014.3","45601.1"
"C00512855","THE FUND FOR AMERICAN EXCEPTIONALISM","http://docquery.fec.gov/cgi-bin/fecimg/?C00512855","","55447.03","30-JUN-18","108939.7","94723.6"
"C00381384","13TH COLONY LEADERSHIP COMMITTEE INC","http://docquery.fec.gov/cgi-bin/fecimg/?C00381384","","35824.9","30-JUN-18","24893.5","64.6"
"C00510248","BUILDING OUR BASE - BOB PAC","http://docquery.fec.gov/cgi-bin/fecimg/?C00510248","","4277.36","30-JUN-18","20789.9","14000"
"C00430579","BRAVE PAC","http://docquery.fec.gov/cgi-bin/fecimg/?C00430579","SCOTT, DAVID","52521.27","30-JUN-18","86490.1","97000"
"C00507640","MONADNOCK POLITICAL ACTION COMMITTEE","http://docquery.fec.gov/cgi-bin/fecimg/?C00507640","","0","30-JUN-18","592","0"
"C00400457","COME BACK POLITICAL ACTION COMMITTEE","http://docquery.fec.gov/cgi-bin/fecimg/?C00400457","","0","28-FEB-18","20091.1","10000"
"C00506428","TAR HEEL POLITICAL ACTION COMMITTEE","http://docquery.fec.gov/cgi-bin/fecimg/?C00506428","","20760","30-JUN-18","2750","5000"
"C00423079","DEMOCRATS RESHAPING AMERICA (DREAMPAC)","http://docquery.fec.gov/cgi-bin/fecimg/?C00423079","SANCHEZ, LINDA","32671.58","30-JUN-18","420462.4","423903.2"
"C00341990","CAROLYN'S PAC","http://docquery.fec.gov/cgi-bin/fecimg/?C00341990","","79868.92","30-JUN-18","220910.1","238300"
"C00504365","FUNDING REPUBLICANS SUPPORTING OPPORTUNITY AND GROWTH - JUMP POLITICAL ACTION COMMITTEE","http://docquery.fec.gov/cgi-bin/fecimg/?C00504365","","0","31-JAN-17","841.9","100"
"C00426122","EMPOWERING EACH COMMUNITY PAC","http://docquery.fec.gov/cgi-bin/fecimg/?C00426122","","6263","30-JUN-18","39500.3","28900"
"C00461251","MAC PAC","http://docquery.fec.gov/cgi-bin/fecimg/?C00461251","MCGOVERN, JAMES","6140.98","30-JUN-18","14755","20000"
"C00377143","BUILD AMERICA PAC","http://docquery.fec.gov/cgi-bin/fecimg/?C00377143","MEEKS, GREGORY","58668.52","30-JUN-18","80372","89021.2"
"C00489112","JEFF PAC","http://docquery.fec.gov/cgi-bin/fecimg/?C00489112","","294074.65","30-JUN-18","382281.4","533976.8"
"C00365551","KPAC","http://docquery.fec.gov/cgi-bin/fecimg/?C00365551","HUTCHISON, KAY BAILEY","11535.95","30-JUN-18","1513","0"
"C00502591","MARKETPLACE IDEAS AND CONSERVATIVE KNOWLEDGE PAC-MICK PAC","http://docquery.fec.gov/cgi-bin/fecimg/?C00502591","","0","16-FEB-17","24829.1","0"
"C00269407","FUTURE LEADERS POLITICAL ACTION COMMITTEE","http://docquery.fec.gov/cgi-bin/fecimg/?C00269407","LEWIS, JERRY","0","17-FEB-17","5675.6","0"
"C00498931","COMMONWEALTH PAC","http://docquery.fec.gov/cgi-bin/fecimg/?C00498931","","44517.52","30-JUN-18","38735.3","66333.5"
"C00461137","TAKING OUR MAJORITY PAC (T.O.M.PAC)","http://docquery.fec.gov/cgi-bin/fecimg/?C00461137","","2437.4","30-JUN-18","2829.5","2300"
"C00366179","LEADERSHIP IN THE NEW CENTURY (LINCPAC)","http://docquery.fec.gov/cgi-bin/fecimg/?C00366179","",".02","14-JUL-17","565.3","0"
"C00485540","LEADERSHIP FOR AMERICA TODAY TOMORROW AND ALWAYS PAC","http://docquery.fec.gov/cgi-bin/fecimg/?C00485540","LATTA, ROBERT","15473.58","30-JUN-18","50579","60900"
"C00451609","COMMITTED TO WIN PAC","http://docquery.fec.gov/cgi-bin/fecimg/?C00451609","HASTINGS FOR CONGRESS, HASTINGS FOR CONGRES","6781.95","30-JUN-18","539.1","1000"
"C00460188","TEJANO POLITICAL ACTION COMMITTEE","http://docquery.fec.gov/cgi-bin/fecimg/?C00460188","RODRIGUEZ, CIRO","","","",""
"C00455980","GREGGPAC","http://docquery.fec.gov/cgi-bin/fecimg/?C00455980","HARPER, GREGG","2743.73","30-JUN-18","59386.8","61600"
"C00484055","TOGETHER ENCOURAGING DEMOCRACY - T.E.D. PAC","http://docquery.fec.gov/cgi-bin/fecimg/?C00484055","DEUTCH, THEODORE","5452.5","30-JUN-18","42090.9","38500"
"C00433680","TREASURE STATE PAC","http://docquery.fec.gov/cgi-bin/fecimg/?C00433680","TESTER, JON","28793.6","30-JUN-18","676871.3","635033.4"
"C00344333","RESTORE AMERICA PAC, INC","http://docquery.fec.gov/cgi-bin/fecimg/?C00344333","","84.4","30-JUN-18","1119","528.9"
"C00492025","AMERICAN DEFENSE AND MILITARY PAC (ADAM PAC)","http://docquery.fec.gov/cgi-bin/fecimg/?C00492025","","17769.91","30-JUN-18","72091.3","83000"
"C00491985","CAJUN POLITICAL ACTION COMMITTEE (CAJUNPAC)","http://docquery.fec.gov/cgi-bin/fecimg/?C00491985","","2457.83","30-JUN-18","58.6","1297.7"
"C00381681","THE KEYSTONE FUND","http://docquery.fec.gov/cgi-bin/fecimg/?C00381681","","19342.17","30-JUN-18","175434.3","190800"
"C00378695","VICTORY IN NOVEMBER ELECTION PAC (VINEPAC)","http://docquery.fec.gov/cgi-bin/fecimg/?C00378695","","81103.44","30-JUN-18","211422.9","241750"
"C00491472","GRANITE OATH PAC","http://docquery.fec.gov/cgi-bin/fecimg/?C00491472","","2273","30-JUN-18","0","0"
"C00361410","SOUTHERN CALIFORNIA FUND","http://docquery.fec.gov/cgi-bin/fecimg/?C00361410","","41068.54","30-JUN-18","129963.2","117025.6"
"C00489336","WILD AND WONDERFUL PAC","http://docquery.fec.gov/cgi-bin/fecimg/?C00489336","","78895.58","30-JUN-18","295672.2","324200"
"C00488189","STRENGTHEN AMERICA PAC","http://docquery.fec.gov/cgi-bin/fecimg/?C00488189","","","","",""
"C00344788","ALL AMERICA PAC","http://docquery.fec.gov/cgi-bin/fecimg/?C00344788","","412042.56","30-JUN-18","34184.9","68533.5"
"C00381996","GRASSROOTS ORGANIZING ACTING & LEADING PAC - GOALPAC","http://docquery.fec.gov/cgi-bin/fecimg/?C00381996","LEVIN, SANDER","28885.28","30-JUN-18","18715.5","39000"
"C00409623","SYNERGY PAC","http://docquery.fec.gov/cgi-bin/fecimg/?C00409623","LARSON, JOHN","92282.76","30-JUN-18","276966.5","279000"
"C00471813","ACCOUNTABILITY PAC","http://docquery.fec.gov/cgi-bin/fecimg/?C00471813","","6582.27","30-JUN-18","2913.2","5000"
"C00386300","CALUMET PAC","http://docquery.fec.gov/cgi-bin/fecimg/?C00386300","VISCLOSKY, PETER","45815.25","30-JUN-18","158863.9","138500"
"C00469411","CHUTZPAC","http://docquery.fec.gov/cgi-bin/fecimg/?C00469411","","3295.78","30-JUN-18","0","0"
"C00383869","PRESERVING AMERICA'S TRADITIONS (PATPAC)","http://docquery.fec.gov/cgi-bin/fecimg/?C00383869","ROBERTS, PAT","102919.15","30-JUN-18","303624.8","362945.2"
"C00464727","HUSKY PAC","http://docquery.fec.gov/cgi-bin/fecimg/?C00464727","","1720.58","30-JUN-18","51232.4","43500"
"C00464644","HARRIS COUNTY CONSERVATIVE CONGRESSIONAL CAMPAIGN","http://docquery.fec.gov/cgi-bin/fecimg/?C00464644","","","","",""
"C00347443","CACTUS POLITICAL ACTION COMMITTEE (PAC)","http://docquery.fec.gov/cgi-bin/fecimg/?C00347443","PASTOR, ED L","28318.81","30-JUN-18","0","0"
"C00196824","COMMITTEE FOR PROGRESSIVE CONGRESS","http://docquery.fec.gov/cgi-bin/fecimg/?C00196824","OBEY, DAVID","15696.08","30-JUN-18","900","0"
"C00410308","SHORE PAC","http://docquery.fec.gov/cgi-bin/fecimg/?C00410308","PALLONE, FRANK","112611.32","30-JUN-18","445377.6","502635"
"C00417295","MASS PAC","http://docquery.fec.gov/cgi-bin/fecimg/?C00417295","CAPUANO, MICHAEL E","63367.01","30-JUN-18","58050.5","62655.6"
"C00455840","I-PAC","http://docquery.fec.gov/cgi-bin/fecimg/?C00455840","LOEBSACK, DAVID","23247.53","30-JUN-18","13797.5","37000"
"C00417865","TRUEDEM LEADERSHIP FUND","http://docquery.fec.gov/cgi-bin/fecimg/?C00417865","","105005.11","30-JUN-18","4569.8","17000"
"C00095059","L.A. P.A.C.","http://docquery.fec.gov/cgi-bin/fecimg/?C00095059","WAXMAN, HENRY","31556.44","30-JUN-18","7500","0"
"C00409631","LOUISIANA REFORM PAC","http://docquery.fec.gov/cgi-bin/fecimg/?C00409631","","6643","30-JUN-18","11241","0"
"C00248948","PEOPLE HELPING PEOPLE","http://docquery.fec.gov/cgi-bin/fecimg/?C00248948","WATERS, MAXINE","36328.55","30-JUN-18","24384.2","58250"
"C00429787","UNITED FOR PROGRESS LEADERSHIP COMMITTEE","http://docquery.fec.gov/cgi-bin/fecimg/?C00429787","COSTELLO, JERRY","181294.31","30-JUN-18","23620.8","0"
"C00448563","3RD AND LONG PAC","http://docquery.fec.gov/cgi-bin/fecimg/?C00448563","","0","30-JUN-18","552.7","0"
"C00363648","FIRST STATE PAC","http://docquery.fec.gov/cgi-bin/fecimg/?C00363648","CARPER, THOMAS","31375.58","30-JUN-18","359935.5","308489.3"
"C00428839","CONSERVATIVE PRINCIPLES PAC","http://docquery.fec.gov/cgi-bin/fecimg/?C00428839","","737.3","30-JUN-18","473.7","0"
"C00381806","PROGRESSIVE CHOICES PAC","http://docquery.fec.gov/cgi-bin/fecimg/?C00381806","SCHAKOWSKY, JANICE D","59260.65","30-JUN-18","103842.7","138200"
"C00330720","TRUST PAC TEAM REPUBLICANS FOR UTILIZING SENSIBLE TACTICS","http://docquery.fec.gov/cgi-bin/fecimg/?C00330720","UPTON, FREDERICK STEPHEN","70129.13","30-JUN-18","271902.1","280000"
"C00388934","FUND FOR AMERICAS FUTURE","http://docquery.fec.gov/cgi-bin/fecimg/?C00388934","","139028.27","30-JUN-18","356550.2","462140.3"
"C00404392","CONSERVATIVE OPPURTUNITY LEADERSHIP AND ENTERPRISE PAC (COLE PAC)","http://docquery.fec.gov/cgi-bin/fecimg/?C00404392","","159600.12","30-JUN-18","213166.4","330700"
"C00345033","UNITED IN FREEDOM","http://docquery.fec.gov/cgi-bin/fecimg/?C00345033","SWEENEY, JOHN","2866.13","30-JUN-18","0","0"
"C00426494","FOR OUR REPUBLIC'S TRADITIONS FUND AKA FORT FUND","http://docquery.fec.gov/cgi-bin/fecimg/?C00426494","","16044.76","30-JUN-18","20074","36076"
